Size,ArrayType,Elements
285,sorted,0 1 2 3 4 5 6 7 8 9 10 11 12 13 14 15 16 17 18 19 20 21 22 23 24 25 26 27 28 29 30 31 32 33 34 35 36 37 38 39 40 41 42 43 44 45 46 47 48 49 50 51 52 53 54 55 56 57 58 59 60 61 62 63 64 65 66 67 68 69 70 71 72 73 74 75 76 77 78 79 80 81 82 83 84 85 86 87 88 89 90 91 92 93 94 95 96 97 98 99 100 101 102 103 104 105 106 107 108 109 110 111 112 113 114 115 116 117 118 119 120 121 122 123 124 125 126 127 128 129 130 131 132 133 134 135 136 137 138 139 140 141 142 143 144 145 146 147 148 149 150 151 152 153 154 155 156 157 158 159 160 161 162 163 164 165 166 167 168 169 170 171 172 173 174 175 176 177 178 179 180 181 182 183 184 185 186 187 188 189 190 191 192 193 194 195 196 197 198 199 200 201 202 203 204 205 206 207 208 209 210 211 212 213 214 215 216 217 218 219 220 221 222 223 224 225 226 227 228 229 230 231 232 233 234 235 236 237 238 239 240 241 242 243 244 245 246 247 248 249 250 251 252 253 254 255 256 257 258 259 260 261 262 263 264 265 266 267 268 269 270 271 272 273 274 275 276 277 278 279 280 281 282 283 284
285,reversed,284 283 282 281 280 279 278 277 276 275 274 273 272 271 270 269 268 267 266 265 264 263 262 261 260 259 258 257 256 255 254 253 252 251 250 249 248 247 246 245 244 243 242 241 240 239 238 237 236 235 234 233 232 231 230 229 228 227 226 225 224 223 222 221 220 219 218 217 216 215 214 213 212 211 210 209 208 207 206 205 204 203 202 201 200 199 198 197 196 195 194 193 192 191 190 189 188 187 186 185 184 183 182 181 180 179 178 177 176 175 174 173 172 171 170 169 168 167 166 165 164 163 162 161 160 159 158 157 156 155 154 153 152 151 150 149 148 147 146 145 144 143 142 141 140 139 138 137 136 135 134 133 132 131 130 129 128 127 126 125 124 123 122 121 120 119 118 117 116 115 114 113 112 111 110 109 108 107 106 105 104 103 102 101 100 99 98 97 96 95 94 93 92 91 90 89 88 87 86 85 84 83 82 81 80 79 78 77 76 75 74 73 72 71 70 69 68 67 66 65 64 63 62 61 60 59 58 57 56 55 54 53 52 51 50 49 48 47 46 45 44 43 42 41 40 39 38 37 36 35 34 33 32 31 30 29 28 27 26 25 24 23 22 21 20 19 18 17 16 15 14 13 12 11 10 9 8 7 6 5 4 3 2 1 0
285,random,56 265 80 111 185 76 126 101 130 53 260 129 164 163 88 278 223 156 104 138 139 123 51 124 40 12 254 113 135 65 251 235 17 222 63 170 194 132 102 28 106 266 5 72 33 81 213 49 281 234 95 284 280 171 264 226 25 232 143 193 188 271 41 37 274 242 178 173 94 240 19 77 196 16 150 4 134 74 149 78 133 207 268 191 243 245 195 184 100 183 90 66 26 0 206 10 24 109 175 96 50 118 282 209 54 103 248 197 75 13 43 61 148 120 224 58 283 154 44 91 31 190 151 67 70 221 176 22 262 228 259 11 253 15 257 263 244 153 62 48 105 71 168 155 45 270 29 114 230 8 93 34 277 239 211 18 86 35 166 189 1 204 210 269 241 128 249 116 160 115 42 69 152 92 233 219 252 174 145 47 205 55 180 167 231 214 147 117 52 121 187 144 84 97 142 30 20 60 6 181 220 172 202 186 199 250 203 2 169 216 217 261 255 23 215 119 38 275 227 200 59 236 162 225 208 99 276 229 165 112 110 36 157 159 83 272 98 46 140 141 125 89 79 177 158 21 273 108 68 7 127 14 192 146 32 212 87 179 57 131 238 137 136 161 107 256 39 237 201 279 247 122 85 27 3 64 73 218 258 182 267 9 246 198 82
380,sorted,0 1 2 3 4 5 6 7 8 9 10 11 12 13 14 15 16 17 18 19 20 21 22 23 24 25 26 27 28 29 30 31 32 33 34 35 36 37 38 39 40 41 42 43 44 45 46 47 48 49 50 51 52 53 54 55 56 57 58 59 60 61 62 63 64 65 66 67 68 69 70 71 72 73 74 75 76 77 78 79 80 81 82 83 84 85 86 87 88 89 90 91 92 93 94 95 96 97 98 99 100 101 102 103 104 105 106 107 108 109 110 111 112 113 114 115 116 117 118 119 120 121 122 123 124 125 126 127 128 129 130 131 132 133 134 135 136 137 138 139 140 141 142 143 144 145 146 147 148 149 150 151 152 153 154 155 156 157 158 159 160 161 162 163 164 165 166 167 168 169 170 171 172 173 174 175 176 177 178 179 180 181 182 183 184 185 186 187 188 189 190 191 192 193 194 195 196 197 198 199 200 201 202 203 204 205 206 207 208 209 210 211 212 213 214 215 216 217 218 219 220 221 222 223 224 225 226 227 228 229 230 231 232 233 234 235 236 237 238 239 240 241 242 243 244 245 246 247 248 249 250 251 252 253 254 255 256 257 258 259 260 261 262 263 264 265 266 267 268 269 270 271 272 273 274 275 276 277 278 279 280 281 282 283 284 285 286 287 288 289 290 291 292 293 294 295 296 297 298 299 300 301 302 303 304 305 306 307 308 309 310 311 312 313 314 315 316 317 318 319 320 321 322 323 324 325 326 327 328 329 330 331 332 333 334 335 336 337 338 339 340 341 342 343 344 345 346 347 348 349 350 351 352 353 354 355 356 357 358 359 360 361 362 363 364 365 366 367 368 369 370 371 372 373 374 375 376 377 378 379
380,reversed,379 378 377 376 375 374 373 372 371 370 369 368 367 366 365 364 363 362 361 360 359 358 357 356 355 354 353 352 351 350 349 348 347 346 345 344 343 342 341 340 339 338 337 336 335 334 333 332 331 330 329 328 327 326 325 324 323 322 321 320 319 318 317 316 315 314 313 312 311 310 309 308 307 306 305 304 303 302 301 300 299 298 297 296 295 294 293 292 291 290 289 288 287 286 285 284 283 282 281 280 279 278 277 276 275 274 273 272 271 270 269 268 267 266 265 264 263 262 261 260 259 258 257 256 255 254 253 252 251 250 249 248 247 246 245 244 243 242 241 240 239 238 237 236 235 234 233 232 231 230 229 228 227 226 225 224 223 222 221 220 219 218 217 216 215 214 213 212 211 210 209 208 207 206 205 204 203 202 201 200 199 198 197 196 195 194 193 192 191 190 189 188 187 186 185 184 183 182 181 180 179 178 177 176 175 174 173 172 171 170 169 168 167 166 165 164 163 162 161 160 159 158 157 156 155 154 153 152 151 150 149 148 147 146 145 144 143 142 141 140 139 138 137 136 135 134 133 132 131 130 129 128 127 126 125 124 123 122 121 120 119 118 117 116 115 114 113 112 111 110 109 108 107 106 105 104 103 102 101 100 99 98 97 96 95 94 93 92 91 90 89 88 87 86 85 84 83 82 81 80 79 78 77 76 75 74 73 72 71 70 69 68 67 66 65 64 63 62 61 60 59 58 57 56 55 54 53 52 51 50 49 48 47 46 45 44 43 42 41 40 39 38 37 36 35 34 33 32 31 30 29 28 27 26 25 24 23 22 21 20 19 18 17 16 15 14 13 12 11 10 9 8 7 6 5 4 3 2 1 0
380,random,302 237 361 365 337 310 151 333 210 345 77 86 252 266 82 297 17 209 183 10 177 81 338 71 18 68 236 215 330 42 87 146 119 284 41 192 289 56 93 157 25 36 372 225 145 358 84 15 298 295 62 133 309 245 321 207 107 98 351 59 341 286 368 158 305 44 357 88 257 375 299 176 3 234 347 373 325 149 308 108 132 363 49 374 103 26 38 23 263 214 275 156 154 273 221 63 197 12 34 122 50 189 61 2 300 99 344 190 278 83 120 281 378 172 233 244 164 369 186 121 37 167 336 35 182 110 265 19 261 301 40 256 0 111 67 294 47 124 66 313 73 213 136 43 128 249 328 105 216 296 243 185 238 170 203 317 109 11 191 134 379 287 175 304 148 22 78 193 201 311 8 79 72 267 231 327 277 366 28 222 212 364 75 196 55 315 118 65 269 307 48 206 16 290 320 95 377 162 355 150 94 218 217 340 7 5 140 20 232 80 271 91 13 166 251 195 129 370 279 326 276 291 255 285 39 180 104 227 205 174 350 314 349 343 303 188 143 229 260 362 334 228 9 113 171 101 258 74 127 318 31 137 114 264 312 165 198 242 6 346 54 335 123 208 292 24 57 169 29 126 51 204 240 270 161 359 200 4 97 246 90 319 220 179 89 224 130 32 144 52 348 239 14 352 354 45 163 367 168 53 329 376 219 241 262 316 178 199 268 254 371 332 187 356 248 100 223 360 211 58 76 141 106 152 138 115 27 280 112 96 85 46 342 293 226 155 282 272 247 21 230 125 142 69 1 323 181 147 102 117 339 160 153 235 64 253 33 92 70 324 259 306 331 288 173 194 30 274 159 322 116 139 131 184 135 353 283 250 60 202
177,sorted,0 1 2 3 4 5 6 7 8 9 10 11 12 13 14 15 16 17 18 19 20 21 22 23 24 25 26 27 28 29 30 31 32 33 34 35 36 37 38 39 40 41 42 43 44 45 46 47 48 49 50 51 52 53 54 55 56 57 58 59 60 61 62 63 64 65 66 67 68 69 70 71 72 73 74 75 76 77 78 79 80 81 82 83 84 85 86 87 88 89 90 91 92 93 94 95 96 97 98 99 100 101 102 103 104 105 106 107 108 109 110 111 112 113 114 115 116 117 118 119 120 121 122 123 124 125 126 127 128 129 130 131 132 133 134 135 136 137 138 139 140 141 142 143 144 145 146 147 148 149 150 151 152 153 154 155 156 157 158 159 160 161 162 163 164 165 166 167 168 169 170 171 172 173 174 175 176
177,reversed,176 175 174 173 172 171 170 169 168 167 166 165 164 163 162 161 160 159 158 157 156 155 154 153 152 151 150 149 148 147 146 145 144 143 142 141 140 139 138 137 136 135 134 133 132 131 130 129 128 127 126 125 124 123 122 121 120 119 118 117 116 115 114 113 112 111 110 109 108 107 106 105 104 103 102 101 100 99 98 97 96 95 94 93 92 91 90 89 88 87 86 85 84 83 82 81 80 79 78 77 76 75 74 73 72 71 70 69 68 67 66 65 64 63 62 61 60 59 58 57 56 55 54 53 52 51 50 49 48 47 46 45 44 43 42 41 40 39 38 37 36 35 34 33 32 31 30 29 28 27 26 25 24 23 22 21 20 19 18 17 16 15 14 13 12 11 10 9 8 7 6 5 4 3 2 1 0
177,random,144 171 142 162 81 57 11 38 120 153 16 112 39 114 5 115 34 136 25 173 98 139 49 78 106 119 145 175 47 124 56 4 74 41 70 20 148 176 83 100 14 69 167 17 157 128 104 141 67 30 75 164 170 159 107 60 137 62 163 89 149 150 133 73 61 9 111 96 113 121 143 29 86 36 147 51 140 21 93 72 31 92 126 85 55 130 109 88 118 65 169 129 146 50 59 161 45 37 43 46 80 117 10 110 71 135 44 63 40 48 116 27 8 101 108 90 174 1 131 172 23 151 84 52 0 22 122 152 32 19 123 42 132 99 87 12 125 53 105 166 68 13 28 155 168 127 79 64 94 95 160 97 58 6 103 76 156 33 165 3 18 15 138 2 24 91 102 26 77 66 82 154 134 54 158 7 35
149,sorted,0 1 2 3 4 5 6 7 8 9 10 11 12 13 14 15 16 17 18 19 20 21 22 23 24 25 26 27 28 29 30 31 32 33 34 35 36 37 38 39 40 41 42 43 44 45 46 47 48 49 50 51 52 53 54 55 56 57 58 59 60 61 62 63 64 65 66 67 68 69 70 71 72 73 74 75 76 77 78 79 80 81 82 83 84 85 86 87 88 89 90 91 92 93 94 95 96 97 98 99 100 101 102 103 104 105 106 107 108 109 110 111 112 113 114 115 116 117 118 119 120 121 122 123 124 125 126 127 128 129 130 131 132 133 134 135 136 137 138 139 140 141 142 143 144 145 146 147 148
149,reversed,148 147 146 145 144 143 142 141 140 139 138 137 136 135 134 133 132 131 130 129 128 127 126 125 124 123 122 121 120 119 118 117 116 115 114 113 112 111 110 109 108 107 106 105 104 103 102 101 100 99 98 97 96 95 94 93 92 91 90 89 88 87 86 85 84 83 82 81 80 79 78 77 76 75 74 73 72 71 70 69 68 67 66 65 64 63 62 61 60 59 58 57 56 55 54 53 52 51 50 49 48 47 46 45 44 43 42 41 40 39 38 37 36 35 34 33 32 31 30 29 28 27 26 25 24 23 22 21 20 19 18 17 16 15 14 13 12 11 10 9 8 7 6 5 4 3 2 1 0
149,random,24 9 92 44 11 84 82 119 48 12 134 120 77 116 96 106 64 3 26 127 81 16 72 95 61 128 133 101 13 79 46 97 58 23 135 140 104 138 126 129 43 107 70 22 132 40 100 45 141 146 36 19 113 55 5 37 51 74 99 117 123 102 130 105 29 145 111 125 15 63 137 118 148 131 71 108 87 6 122 54 10 25 38 66 52 115 124 60 109 69 110 4 76 41 7 68 121 114 90 144 20 14 65 17 139 89 49 143 98 28 75 88 0 57 78 59 18 136 85 21 30 50 86 94 8 35 147 91 142 53 93 31 27 62 42 112 80 73 56 39 2 103 83 67 34 47 32 33 1
398,sorted,0 1 2 3 4 5 6 7 8 9 10 11 12 13 14 15 16 17 18 19 20 21 22 23 24 25 26 27 28 29 30 31 32 33 34 35 36 37 38 39 40 41 42 43 44 45 46 47 48 49 50 51 52 53 54 55 56 57 58 59 60 61 62 63 64 65 66 67 68 69 70 71 72 73 74 75 76 77 78 79 80 81 82 83 84 85 86 87 88 89 90 91 92 93 94 95 96 97 98 99 100 101 102 103 104 105 106 107 108 109 110 111 112 113 114 115 116 117 118 119 120 121 122 123 124 125 126 127 128 129 130 131 132 133 134 135 136 137 138 139 140 141 142 143 144 145 146 147 148 149 150 151 152 153 154 155 156 157 158 159 160 161 162 163 164 165 166 167 168 169 170 171 172 173 174 175 176 177 178 179 180 181 182 183 184 185 186 187 188 189 190 191 192 193 194 195 196 197 198 199 200 201 202 203 204 205 206 207 208 209 210 211 212 213 214 215 216 217 218 219 220 221 222 223 224 225 226 227 228 229 230 231 232 233 234 235 236 237 238 239 240 241 242 243 244 245 246 247 248 249 250 251 252 253 254 255 256 257 258 259 260 261 262 263 264 265 266 267 268 269 270 271 272 273 274 275 276 277 278 279 280 281 282 283 284 285 286 287 288 289 290 291 292 293 294 295 296 297 298 299 300 301 302 303 304 305 306 307 308 309 310 311 312 313 314 315 316 317 318 319 320 321 322 323 324 325 326 327 328 329 330 331 332 333 334 335 336 337 338 339 340 341 342 343 344 345 346 347 348 349 350 351 352 353 354 355 356 357 358 359 360 361 362 363 364 365 366 367 368 369 370 371 372 373 374 375 376 377 378 379 380 381 382 383 384 385 386 387 388 389 390 391 392 393 394 395 396 397
398,reversed,397 396 395 394 393 392 391 390 389 388 387 386 385 384 383 382 381 380 379 378 377 376 375 374 373 372 371 370 369 368 367 366 365 364 363 362 361 360 359 358 357 356 355 354 353 352 351 350 349 348 347 346 345 344 343 342 341 340 339 338 337 336 335 334 333 332 331 330 329 328 327 326 325 324 323 322 321 320 319 318 317 316 315 314 313 312 311 310 309 308 307 306 305 304 303 302 301 300 299 298 297 296 295 294 293 292 291 290 289 288 287 286 285 284 283 282 281 280 279 278 277 276 275 274 273 272 271 270 269 268 267 266 265 264 263 262 261 260 259 258 257 256 255 254 253 252 251 250 249 248 247 246 245 244 243 242 241 240 239 238 237 236 235 234 233 232 231 230 229 228 227 226 225 224 223 222 221 220 219 218 217 216 215 214 213 212 211 210 209 208 207 206 205 204 203 202 201 200 199 198 197 196 195 194 193 192 191 190 189 188 187 186 185 184 183 182 181 180 179 178 177 176 175 174 173 172 171 170 169 168 167 166 165 164 163 162 161 160 159 158 157 156 155 154 153 152 151 150 149 148 147 146 145 144 143 142 141 140 139 138 137 136 135 134 133 132 131 130 129 128 127 126 125 124 123 122 121 120 119 118 117 116 115 114 113 112 111 110 109 108 107 106 105 104 103 102 101 100 99 98 97 96 95 94 93 92 91 90 89 88 87 86 85 84 83 82 81 80 79 78 77 76 75 74 73 72 71 70 69 68 67 66 65 64 63 62 61 60 59 58 57 56 55 54 53 52 51 50 49 48 47 46 45 44 43 42 41 40 39 38 37 36 35 34 33 32 31 30 29 28 27 26 25 24 23 22 21 20 19 18 17 16 15 14 13 12 11 10 9 8 7 6 5 4 3 2 1 0
398,random,190 121 244 125 216 120 359 200 203 0 163 342 354 231 245 350 373 206 336 261 54 314 221 328 157 116 189 31 29 80 71 146 331 38 76 79 69 11 212 185 26 279 327 315 339 12 165 338 363 323 319 266 60 93 150 141 16 382 152 32 281 90 395 351 343 308 138 318 209 1 173 254 193 33 41 2 345 277 45 253 194 292 241 176 48 280 295 287 385 335 154 82 232 117 321 5 223 211 333 167 237 365 85 249 63 228 72 182 311 164 242 18 49 126 390 397 50 112 366 380 43 256 357 155 303 9 367 24 91 17 198 324 307 239 10 225 36 77 368 348 159 195 20 39 59 8 130 389 44 108 337 136 273 235 379 151 67 98 271 220 341 326 227 92 135 259 58 375 275 240 86 234 53 175 23 14 119 344 109 381 360 276 128 215 361 102 257 358 89 362 186 236 181 317 296 35 293 30 19 374 334 370 238 21 70 111 330 289 197 222 383 376 107 243 300 316 305 62 384 183 118 352 105 250 34 282 172 214 248 224 226 143 160 156 202 145 113 355 142 68 115 81 299 291 40 37 153 392 217 57 332 137 322 378 65 74 52 377 325 3 372 388 25 306 162 313 229 132 87 199 56 97 103 95 184 179 4 356 124 312 301 196 84 66 191 28 13 349 263 269 274 278 258 147 123 218 320 204 294 298 219 297 106 364 302 210 22 177 247 55 188 75 393 391 139 131 27 187 230 347 208 114 310 386 96 251 161 207 270 144 73 129 99 169 304 201 387 133 284 140 174 262 329 148 286 158 42 246 369 252 192 166 340 371 78 255 267 283 353 171 265 127 100 394 396 47 309 268 88 168 46 149 101 61 288 64 94 134 170 178 346 180 285 110 290 83 6 122 15 51 213 272 7 260 205 264 104 233
152,sorted,0 1 2 3 4 5 6 7 8 9 10 11 12 13 14 15 16 17 18 19 20 21 22 23 24 25 26 27 28 29 30 31 32 33 34 35 36 37 38 39 40 41 42 43 44 45 46 47 48 49 50 51 52 53 54 55 56 57 58 59 60 61 62 63 64 65 66 67 68 69 70 71 72 73 74 75 76 77 78 79 80 81 82 83 84 85 86 87 88 89 90 91 92 93 94 95 96 97 98 99 100 101 102 103 104 105 106 107 108 109 110 111 112 113 114 115 116 117 118 119 120 121 122 123 124 125 126 127 128 129 130 131 132 133 134 135 136 137 138 139 140 141 142 143 144 145 146 147 148 149 150 151
152,reversed,151 150 149 148 147 146 145 144 143 142 141 140 139 138 137 136 135 134 133 132 131 130 129 128 127 126 125 124 123 122 121 120 119 118 117 116 115 114 113 112 111 110 109 108 107 106 105 104 103 102 101 100 99 98 97 96 95 94 93 92 91 90 89 88 87 86 85 84 83 82 81 80 79 78 77 76 75 74 73 72 71 70 69 68 67 66 65 64 63 62 61 60 59 58 57 56 55 54 53 52 51 50 49 48 47 46 45 44 43 42 41 40 39 38 37 36 35 34 33 32 31 30 29 28 27 26 25 24 23 22 21 20 19 18 17 16 15 14 13 12 11 10 9 8 7 6 5 4 3 2 1 0
152,random,12 20 117 13 123 140 141 51 84 2 126 28 40 61 44 9 127 24 94 112 151 27 33 68 101 32 92 86 122 121 133 150 130 34 107 42 22 89 77 62 116 87 134 146 60 65 124 18 136 120 0 79 104 55 98 30 90 64 96 47 6 85 80 45 69 59 7 83 137 74 88 56 144 82 16 17 52 149 119 19 70 50 131 43 139 8 36 132 38 46 114 100 135 5 97 95 3 37 108 113 129 71 14 57 72 138 128 15 91 41 142 148 35 48 110 145 93 102 115 25 106 111 67 81 73 109 23 54 103 76 105 58 29 4 26 63 53 66 78 99 11 75 143 1 125 21 147 118 39 49 10 31
259,sorted,0 1 2 3 4 5 6 7 8 9 10 11 12 13 14 15 16 17 18 19 20 21 22 23 24 25 26 27 28 29 30 31 32 33 34 35 36 37 38 39 40 41 42 43 44 45 46 47 48 49 50 51 52 53 54 55 56 57 58 59 60 61 62 63 64 65 66 67 68 69 70 71 72 73 74 75 76 77 78 79 80 81 82 83 84 85 86 87 88 89 90 91 92 93 94 95 96 97 98 99 100 101 102 103 104 105 106 107 108 109 110 111 112 113 114 115 116 117 118 119 120 121 122 123 124 125 126 127 128 129 130 131 132 133 134 135 136 137 138 139 140 141 142 143 144 145 146 147 148 149 150 151 152 153 154 155 156 157 158 159 160 161 162 163 164 165 166 167 168 169 170 171 172 173 174 175 176 177 178 179 180 181 182 183 184 185 186 187 188 189 190 191 192 193 194 195 196 197 198 199 200 201 202 203 204 205 206 207 208 209 210 211 212 213 214 215 216 217 218 219 220 221 222 223 224 225 226 227 228 229 230 231 232 233 234 235 236 237 238 239 240 241 242 243 244 245 246 247 248 249 250 251 252 253 254 255 256 257 258
259,reversed,258 257 256 255 254 253 252 251 250 249 248 247 246 245 244 243 242 241 240 239 238 237 236 235 234 233 232 231 230 229 228 227 226 225 224 223 222 221 220 219 218 217 216 215 214 213 212 211 210 209 208 207 206 205 204 203 202 201 200 199 198 197 196 195 194 193 192 191 190 189 188 187 186 185 184 183 182 181 180 179 178 177 176 175 174 173 172 171 170 169 168 167 166 165 164 163 162 161 160 159 158 157 156 155 154 153 152 151 150 149 148 147 146 145 144 143 142 141 140 139 138 137 136 135 134 133 132 131 130 129 128 127 126 125 124 123 122 121 120 119 118 117 116 115 114 113 112 111 110 109 108 107 106 105 104 103 102 101 100 99 98 97 96 95 94 93 92 91 90 89 88 87 86 85 84 83 82 81 80 79 78 77 76 75 74 73 72 71 70 69 68 67 66 65 64 63 62 61 60 59 58 57 56 55 54 53 52 51 50 49 48 47 46 45 44 43 42 41 40 39 38 37 36 35 34 33 32 31 30 29 28 27 26 25 24 23 22 21 20 19 18 17 16 15 14 13 12 11 10 9 8 7 6 5 4 3 2 1 0
259,random,149 214 206 87 58 134 61 140 185 171 230 198 71 246 50 65 227 216 62 235 47 29 228 254 197 188 150 168 75 38 137 76 234 204 242 146 143 117 89 84 70 112 27 253 55 67 4 213 35 250 125 218 21 122 102 180 247 126 136 82 181 162 202 240 128 243 237 12 145 257 120 22 99 255 45 184 231 90 187 24 48 103 177 72 130 207 192 1 114 118 154 157 36 161 80 26 18 116 232 73 31 92 221 163 190 8 211 32 224 52 40 229 176 107 6 233 37 100 252 217 258 93 30 223 101 111 212 44 69 78 129 245 186 23 20 33 241 144 251 39 7 124 174 60 66 95 139 34 179 59 81 16 86 209 108 110 151 131 239 160 68 152 104 175 64 127 115 191 121 63 173 193 155 85 96 133 119 53 105 123 141 195 225 226 167 79 158 11 57 166 244 9 0 248 203 222 170 182 205 200 51 164 153 142 3 74 14 15 113 194 88 165 219 169 159 189 215 109 249 17 2 135 208 210 132 41 25 77 148 183 46 199 94 98 201 238 54 10 56 196 13 220 147 91 19 43 83 49 178 106 256 236 5 42 138 28 172 156 97
433,sorted,0 1 2 3 4 5 6 7 8 9 10 11 12 13 14 15 16 17 18 19 20 21 22 23 24 25 26 27 28 29 30 31 32 33 34 35 36 37 38 39 40 41 42 43 44 45 46 47 48 49 50 51 52 53 54 55 56 57 58 59 60 61 62 63 64 65 66 67 68 69 70 71 72 73 74 75 76 77 78 79 80 81 82 83 84 85 86 87 88 89 90 91 92 93 94 95 96 97 98 99 100 101 102 103 104 105 106 107 108 109 110 111 112 113 114 115 116 117 118 119 120 121 122 123 124 125 126 127 128 129 130 131 132 133 134 135 136 137 138 139 140 141 142 143 144 145 146 147 148 149 150 151 152 153 154 155 156 157 158 159 160 161 162 163 164 165 166 167 168 169 170 171 172 173 174 175 176 177 178 179 180 181 182 183 184 185 186 187 188 189 190 191 192 193 194 195 196 197 198 199 200 201 202 203 204 205 206 207 208 209 210 211 212 213 214 215 216 217 218 219 220 221 222 223 224 225 226 227 228 229 230 231 232 233 234 235 236 237 238 239 240 241 242 243 244 245 246 247 248 249 250 251 252 253 254 255 256 257 258 259 260 261 262 263 264 265 266 267 268 269 270 271 272 273 274 275 276 277 278 279 280 281 282 283 284 285 286 287 288 289 290 291 292 293 294 295 296 297 298 299 300 301 302 303 304 305 306 307 308 309 310 311 312 313 314 315 316 317 318 319 320 321 322 323 324 325 326 327 328 329 330 331 332 333 334 335 336 337 338 339 340 341 342 343 344 345 346 347 348 349 350 351 352 353 354 355 356 357 358 359 360 361 362 363 364 365 366 367 368 369 370 371 372 373 374 375 376 377 378 379 380 381 382 383 384 385 386 387 388 389 390 391 392 393 394 395 396 397 398 399 400 401 402 403 404 405 406 407 408 409 410 411 412 413 414 415 416 417 418 419 420 421 422 423 424 425 426 427 428 429 430 431 432
433,reversed,432 431 430 429 428 427 426 425 424 423 422 421 420 419 418 417 416 415 414 413 412 411 410 409 408 407 406 405 404 403 402 401 400 399 398 397 396 395 394 393 392 391 390 389 388 387 386 385 384 383 382 381 380 379 378 377 376 375 374 373 372 371 370 369 368 367 366 365 364 363 362 361 360 359 358 357 356 355 354 353 352 351 350 349 348 347 346 345 344 343 342 341 340 339 338 337 336 335 334 333 332 331 330 329 328 327 326 325 324 323 322 321 320 319 318 317 316 315 314 313 312 311 310 309 308 307 306 305 304 303 302 301 300 299 298 297 296 295 294 293 292 291 290 289 288 287 286 285 284 283 282 281 280 279 278 277 276 275 274 273 272 271 270 269 268 267 266 265 264 263 262 261 260 259 258 257 256 255 254 253 252 251 250 249 248 247 246 245 244 243 242 241 240 239 238 237 236 235 234 233 232 231 230 229 228 227 226 225 224 223 222 221 220 219 218 217 216 215 214 213 212 211 210 209 208 207 206 205 204 203 202 201 200 199 198 197 196 195 194 193 192 191 190 189 188 187 186 185 184 183 182 181 180 179 178 177 176 175 174 173 172 171 170 169 168 167 166 165 164 163 162 161 160 159 158 157 156 155 154 153 152 151 150 149 148 147 146 145 144 143 142 141 140 139 138 137 136 135 134 133 132 131 130 129 128 127 126 125 124 123 122 121 120 119 118 117 116 115 114 113 112 111 110 109 108 107 106 105 104 103 102 101 100 99 98 97 96 95 94 93 92 91 90 89 88 87 86 85 84 83 82 81 80 79 78 77 76 75 74 73 72 71 70 69 68 67 66 65 64 63 62 61 60 59 58 57 56 55 54 53 52 51 50 49 48 47 46 45 44 43 42 41 40 39 38 37 36 35 34 33 32 31 30 29 28 27 26 25 24 23 22 21 20 19 18 17 16 15 14 13 12 11 10 9 8 7 6 5 4 3 2 1 0
433,random,326 135 325 21 333 412 415 302 352 395 92 150 222 243 191 201 79 184 396 387 428 281 293 330 287 429 358 173 274 371 84 227 154 91 74 431 296 101 19 246 260 171 166 356 267 344 36 315 143 72 357 398 17 90 100 402 427 65 411 23 414 2 190 58 257 34 241 214 284 308 430 62 139 251 86 28 294 51 142 393 409 259 37 353 169 413 43 126 45 12 194 337 141 163 213 405 386 282 338 110 299 332 335 365 109 119 242 262 297 179 18 391 422 93 416 347 379 20 369 229 270 424 127 292 131 423 205 345 82 283 374 108 14 157 54 40 96 403 155 25 55 116 418 132 360 33 306 295 288 27 269 390 375 206 42 167 66 111 273 255 196 263 170 3 372 362 388 303 199 176 32 290 136 47 253 378 215 50 125 389 181 29 77 216 322 48 68 291 328 426 63 148 212 310 103 13 323 153 363 321 95 280 235 268 317 144 382 85 250 145 10 279 115 178 211 160 99 361 329 198 156 364 151 421 225 218 204 118 230 342 172 165 286 83 341 228 123 46 351 1 188 161 275 376 239 373 238 420 4 129 124 22 120 331 318 189 200 307 383 309 183 76 305 381 244 112 226 327 249 384 158 104 97 102 304 69 197 320 236 217 343 289 210 78 276 314 168 233 122 31 209 301 114 224 8 147 94 134 98 401 130 300 7 340 113 192 186 237 313 348 106 336 220 117 60 221 146 75 277 367 140 207 193 366 35 182 39 432 258 49 53 152 232 24 9 185 121 377 11 5 187 67 419 138 80 392 6 298 272 57 159 399 264 81 162 107 346 133 52 180 59 400 285 261 397 61 311 406 128 266 278 271 265 44 247 417 64 202 38 234 105 254 223 407 30 73 394 316 231 87 324 56 89 177 219 16 71 349 385 175 370 339 256 245 88 41 195 425 334 70 312 137 408 410 354 208 248 240 164 15 174 359 26 0 368 355 404 149 203 380 350 252 319
273,sorted,0 1 2 3 4 5 6 7 8 9 10 11 12 13 14 15 16 17 18 19 20 21 22 23 24 25 26 27 28 29 30 31 32 33 34 35 36 37 38 39 40 41 42 43 44 45 46 47 48 49 50 51 52 53 54 55 56 57 58 59 60 61 62 63 64 65 66 67 68 69 70 71 72 73 74 75 76 77 78 79 80 81 82 83 84 85 86 87 88 89 90 91 92 93 94 95 96 97 98 99 100 101 102 103 104 105 106 107 108 109 110 111 112 113 114 115 116 117 118 119 120 121 122 123 124 125 126 127 128 129 130 131 132 133 134 135 136 137 138 139 140 141 142 143 144 145 146 147 148 149 150 151 152 153 154 155 156 157 158 159 160 161 162 163 164 165 166 167 168 169 170 171 172 173 174 175 176 177 178 179 180 181 182 183 184 185 186 187 188 189 190 191 192 193 194 195 196 197 198 199 200 201 202 203 204 205 206 207 208 209 210 211 212 213 214 215 216 217 218 219 220 221 222 223 224 225 226 227 228 229 230 231 232 233 234 235 236 237 238 239 240 241 242 243 244 245 246 247 248 249 250 251 252 253 254 255 256 257 258 259 260 261 262 263 264 265 266 267 268 269 270 271 272
273,reversed,272 271 270 269 268 267 266 265 264 263 262 261 260 259 258 257 256 255 254 253 252 251 250 249 248 247 246 245 244 243 242 241 240 239 238 237 236 235 234 233 232 231 230 229 228 227 226 225 224 223 222 221 220 219 218 217 216 215 214 213 212 211 210 209 208 207 206 205 204 203 202 201 200 199 198 197 196 195 194 193 192 191 190 189 188 187 186 185 184 183 182 181 180 179 178 177 176 175 174 173 172 171 170 169 168 167 166 165 164 163 162 161 160 159 158 157 156 155 154 153 152 151 150 149 148 147 146 145 144 143 142 141 140 139 138 137 136 135 134 133 132 131 130 129 128 127 126 125 124 123 122 121 120 119 118 117 116 115 114 113 112 111 110 109 108 107 106 105 104 103 102 101 100 99 98 97 96 95 94 93 92 91 90 89 88 87 86 85 84 83 82 81 80 79 78 77 76 75 74 73 72 71 70 69 68 67 66 65 64 63 62 61 60 59 58 57 56 55 54 53 52 51 50 49 48 47 46 45 44 43 42 41 40 39 38 37 36 35 34 33 32 31 30 29 28 27 26 25 24 23 22 21 20 19 18 17 16 15 14 13 12 11 10 9 8 7 6 5 4 3 2 1 0
273,random,192 15 55 180 142 187 199 93 161 225 56 41 103 255 109 249 34 31 79 241 145 32 174 196 214 19 112 117 137 2 96 57 60 202 16 151 227 37 14 150 210 35 11 33 223 70 213 13 156 61 43 124 62 29 184 139 259 216 170 271 147 48 221 191 233 178 10 218 134 247 24 240 173 88 84 126 177 258 272 3 27 71 229 141 206 111 222 108 53 265 176 45 256 118 158 110 261 52 81 208 21 115 270 257 87 105 266 86 129 78 104 138 77 98 242 74 20 236 197 165 99 226 83 135 149 215 181 231 254 68 207 143 119 248 211 250 12 251 131 140 164 185 54 94 168 228 136 220 155 224 63 7 263 264 189 36 0 101 162 91 75 234 194 154 244 92 8 114 133 106 102 237 22 59 253 69 72 146 128 28 157 30 239 152 123 175 246 121 127 4 245 217 97 144 153 38 179 269 44 85 64 198 166 268 183 203 116 51 267 238 163 212 82 107 260 172 1 18 182 6 235 130 120 186 193 243 73 190 40 65 195 204 90 219 67 25 188 252 200 171 262 47 167 76 9 100 95 122 49 26 46 169 209 160 230 23 205 132 5 58 50 89 148 17 232 159 125 66 39 201 42 113 80
220,sorted,0 1 2 3 4 5 6 7 8 9 10 11 12 13 14 15 16 17 18 19 20 21 22 23 24 25 26 27 28 29 30 31 32 33 34 35 36 37 38 39 40 41 42 43 44 45 46 47 48 49 50 51 52 53 54 55 56 57 58 59 60 61 62 63 64 65 66 67 68 69 70 71 72 73 74 75 76 77 78 79 80 81 82 83 84 85 86 87 88 89 90 91 92 93 94 95 96 97 98 99 100 101 102 103 104 105 106 107 108 109 110 111 112 113 114 115 116 117 118 119 120 121 122 123 124 125 126 127 128 129 130 131 132 133 134 135 136 137 138 139 140 141 142 143 144 145 146 147 148 149 150 151 152 153 154 155 156 157 158 159 160 161 162 163 164 165 166 167 168 169 170 171 172 173 174 175 176 177 178 179 180 181 182 183 184 185 186 187 188 189 190 191 192 193 194 195 196 197 198 199 200 201 202 203 204 205 206 207 208 209 210 211 212 213 214 215 216 217 218 219
220,reversed,219 218 217 216 215 214 213 212 211 210 209 208 207 206 205 204 203 202 201 200 199 198 197 196 195 194 193 192 191 190 189 188 187 186 185 184 183 182 181 180 179 178 177 176 175 174 173 172 171 170 169 168 167 166 165 164 163 162 161 160 159 158 157 156 155 154 153 152 151 150 149 148 147 146 145 144 143 142 141 140 139 138 137 136 135 134 133 132 131 130 129 128 127 126 125 124 123 122 121 120 119 118 117 116 115 114 113 112 111 110 109 108 107 106 105 104 103 102 101 100 99 98 97 96 95 94 93 92 91 90 89 88 87 86 85 84 83 82 81 80 79 78 77 76 75 74 73 72 71 70 69 68 67 66 65 64 63 62 61 60 59 58 57 56 55 54 53 52 51 50 49 48 47 46 45 44 43 42 41 40 39 38 37 36 35 34 33 32 31 30 29 28 27 26 25 24 23 22 21 20 19 18 17 16 15 14 13 12 11 10 9 8 7 6 5 4 3 2 1 0
220,random,6 70 1 152 151 126 79 195 106 156 26 166 81 62 83 203 108 135 178 37 92 96 76 14 80 160 44 145 212 208 189 85 89 175 162 72 99 48 20 174 35 15 91 31 40 138 123 109 196 167 102 4 47 158 131 112 66 182 23 17 30 192 180 171 12 2 121 157 163 75 119 132 0 25 113 24 94 179 154 172 41 202 77 64 59 68 142 111 173 170 120 74 209 168 90 177 197 185 219 60 8 78 190 127 19 161 184 155 181 191 21 73 98 84 137 124 139 186 71 141 93 46 140 58 206 216 188 215 53 136 49 82 16 110 130 5 116 165 200 101 51 7 147 13 213 87 18 205 65 207 104 88 148 143 28 86 211 176 43 27 128 169 95 214 117 10 105 52 198 149 201 133 34 39 125 67 146 164 11 150 115 122 114 29 210 32 118 22 54 159 199 194 193 3 42 55 107 38 69 153 9 144 129 50 33 45 183 57 100 97 134 61 63 56 103 217 187 36 218 204
263,sorted,0 1 2 3 4 5 6 7 8 9 10 11 12 13 14 15 16 17 18 19 20 21 22 23 24 25 26 27 28 29 30 31 32 33 34 35 36 37 38 39 40 41 42 43 44 45 46 47 48 49 50 51 52 53 54 55 56 57 58 59 60 61 62 63 64 65 66 67 68 69 70 71 72 73 74 75 76 77 78 79 80 81 82 83 84 85 86 87 88 89 90 91 92 93 94 95 96 97 98 99 100 101 102 103 104 105 106 107 108 109 110 111 112 113 114 115 116 117 118 119 120 121 122 123 124 125 126 127 128 129 130 131 132 133 134 135 136 137 138 139 140 141 142 143 144 145 146 147 148 149 150 151 152 153 154 155 156 157 158 159 160 161 162 163 164 165 166 167 168 169 170 171 172 173 174 175 176 177 178 179 180 181 182 183 184 185 186 187 188 189 190 191 192 193 194 195 196 197 198 199 200 201 202 203 204 205 206 207 208 209 210 211 212 213 214 215 216 217 218 219 220 221 222 223 224 225 226 227 228 229 230 231 232 233 234 235 236 237 238 239 240 241 242 243 244 245 246 247 248 249 250 251 252 253 254 255 256 257 258 259 260 261 262
263,reversed,262 261 260 259 258 257 256 255 254 253 252 251 250 249 248 247 246 245 244 243 242 241 240 239 238 237 236 235 234 233 232 231 230 229 228 227 226 225 224 223 222 221 220 219 218 217 216 215 214 213 212 211 210 209 208 207 206 205 204 203 202 201 200 199 198 197 196 195 194 193 192 191 190 189 188 187 186 185 184 183 182 181 180 179 178 177 176 175 174 173 172 171 170 169 168 167 166 165 164 163 162 161 160 159 158 157 156 155 154 153 152 151 150 149 148 147 146 145 144 143 142 141 140 139 138 137 136 135 134 133 132 131 130 129 128 127 126 125 124 123 122 121 120 119 118 117 116 115 114 113 112 111 110 109 108 107 106 105 104 103 102 101 100 99 98 97 96 95 94 93 92 91 90 89 88 87 86 85 84 83 82 81 80 79 78 77 76 75 74 73 72 71 70 69 68 67 66 65 64 63 62 61 60 59 58 57 56 55 54 53 52 51 50 49 48 47 46 45 44 43 42 41 40 39 38 37 36 35 34 33 32 31 30 29 28 27 26 25 24 23 22 21 20 19 18 17 16 15 14 13 12 11 10 9 8 7 6 5 4 3 2 1 0
263,random,78 224 143 230 71 157 75 228 203 77 172 258 123 135 249 113 6 125 148 116 57 41 198 254 159 261 186 241 120 133 80 67 192 79 226 99 106 19 216 136 51 93 18 165 212 103 16 176 235 193 27 20 145 178 259 210 182 156 222 62 166 214 179 250 217 40 175 190 137 232 60 14 132 124 153 90 8 66 39 49 68 119 53 22 104 26 185 195 206 158 207 140 0 56 108 234 30 231 94 130 211 23 199 63 155 110 126 96 253 181 196 248 111 256 219 244 229 38 64 201 146 43 239 138 238 209 101 183 252 246 76 127 225 83 187 204 174 260 208 152 37 45 61 59 58 191 218 69 141 134 205 36 12 164 213 107 243 122 177 117 242 236 240 151 34 44 72 223 97 144 13 215 92 233 11 3 221 102 160 28 131 50 227 188 150 109 168 81 105 95 162 1 197 17 46 5 29 31 82 100 184 154 98 47 200 115 262 237 74 84 32 87 48 173 85 42 129 52 91 2 114 142 202 118 161 169 245 15 73 255 10 170 55 7 139 149 112 147 21 24 257 54 163 88 128 9 247 4 121 251 171 220 35 65 86 194 25 89 189 70 167 180 33
244,sorted,0 1 2 3 4 5 6 7 8 9 10 11 12 13 14 15 16 17 18 19 20 21 22 23 24 25 26 27 28 29 30 31 32 33 34 35 36 37 38 39 40 41 42 43 44 45 46 47 48 49 50 51 52 53 54 55 56 57 58 59 60 61 62 63 64 65 66 67 68 69 70 71 72 73 74 75 76 77 78 79 80 81 82 83 84 85 86 87 88 89 90 91 92 93 94 95 96 97 98 99 100 101 102 103 104 105 106 107 108 109 110 111 112 113 114 115 116 117 118 119 120 121 122 123 124 125 126 127 128 129 130 131 132 133 134 135 136 137 138 139 140 141 142 143 144 145 146 147 148 149 150 151 152 153 154 155 156 157 158 159 160 161 162 163 164 165 166 167 168 169 170 171 172 173 174 175 176 177 178 179 180 181 182 183 184 185 186 187 188 189 190 191 192 193 194 195 196 197 198 199 200 201 202 203 204 205 206 207 208 209 210 211 212 213 214 215 216 217 218 219 220 221 222 223 224 225 226 227 228 229 230 231 232 233 234 235 236 237 238 239 240 241 242 243
244,reversed,243 242 241 240 239 238 237 236 235 234 233 232 231 230 229 228 227 226 225 224 223 222 221 220 219 218 217 216 215 214 213 212 211 210 209 208 207 206 205 204 203 202 201 200 199 198 197 196 195 194 193 192 191 190 189 188 187 186 185 184 183 182 181 180 179 178 177 176 175 174 173 172 171 170 169 168 167 166 165 164 163 162 161 160 159 158 157 156 155 154 153 152 151 150 149 148 147 146 145 144 143 142 141 140 139 138 137 136 135 134 133 132 131 130 129 128 127 126 125 124 123 122 121 120 119 118 117 116 115 114 113 112 111 110 109 108 107 106 105 104 103 102 101 100 99 98 97 96 95 94 93 92 91 90 89 88 87 86 85 84 83 82 81 80 79 78 77 76 75 74 73 72 71 70 69 68 67 66 65 64 63 62 61 60 59 58 57 56 55 54 53 52 51 50 49 48 47 46 45 44 43 42 41 40 39 38 37 36 35 34 33 32 31 30 29 28 27 26 25 24 23 22 21 20 19 18 17 16 15 14 13 12 11 10 9 8 7 6 5 4 3 2 1 0
244,random,12 121 190 221 217 60 53 195 122 35 207 208 20 224 201 192 130 107 200 133 197 229 140 233 16 90 172 2 152 73 119 168 127 40 188 123 116 173 231 114 238 19 151 55 36 5 186 29 30 84 232 135 80 171 213 38 128 86 241 93 70 26 109 118 191 44 28 99 88 236 11 67 78 43 202 57 137 160 62 85 18 22 204 48 179 215 226 153 89 47 105 164 17 63 0 9 75 3 177 124 82 147 101 6 15 54 112 155 64 218 23 4 83 161 72 159 225 13 162 102 100 65 139 148 33 94 196 216 157 74 149 92 150 69 235 199 10 198 97 49 193 143 227 103 234 131 136 211 180 113 222 205 98 183 210 106 146 184 170 219 32 56 240 111 145 141 214 39 96 178 77 187 8 126 14 242 156 71 34 228 46 58 61 176 125 181 239 110 142 25 108 81 144 31 175 27 165 21 42 59 87 167 194 51 79 243 45 52 203 223 76 154 220 50 1 185 174 182 104 189 212 138 95 41 206 115 166 163 91 24 68 230 134 209 237 169 66 120 37 158 117 132 7 129
192,sorted,0 1 2 3 4 5 6 7 8 9 10 11 12 13 14 15 16 17 18 19 20 21 22 23 24 25 26 27 28 29 30 31 32 33 34 35 36 37 38 39 40 41 42 43 44 45 46 47 48 49 50 51 52 53 54 55 56 57 58 59 60 61 62 63 64 65 66 67 68 69 70 71 72 73 74 75 76 77 78 79 80 81 82 83 84 85 86 87 88 89 90 91 92 93 94 95 96 97 98 99 100 101 102 103 104 105 106 107 108 109 110 111 112 113 114 115 116 117 118 119 120 121 122 123 124 125 126 127 128 129 130 131 132 133 134 135 136 137 138 139 140 141 142 143 144 145 146 147 148 149 150 151 152 153 154 155 156 157 158 159 160 161 162 163 164 165 166 167 168 169 170 171 172 173 174 175 176 177 178 179 180 181 182 183 184 185 186 187 188 189 190 191
192,reversed,191 190 189 188 187 186 185 184 183 182 181 180 179 178 177 176 175 174 173 172 171 170 169 168 167 166 165 164 163 162 161 160 159 158 157 156 155 154 153 152 151 150 149 148 147 146 145 144 143 142 141 140 139 138 137 136 135 134 133 132 131 130 129 128 127 126 125 124 123 122 121 120 119 118 117 116 115 114 113 112 111 110 109 108 107 106 105 104 103 102 101 100 99 98 97 96 95 94 93 92 91 90 89 88 87 86 85 84 83 82 81 80 79 78 77 76 75 74 73 72 71 70 69 68 67 66 65 64 63 62 61 60 59 58 57 56 55 54 53 52 51 50 49 48 47 46 45 44 43 42 41 40 39 38 37 36 35 34 33 32 31 30 29 28 27 26 25 24 23 22 21 20 19 18 17 16 15 14 13 12 11 10 9 8 7 6 5 4 3 2 1 0
192,random,87 89 110 60 162 142 8 129 81 127 164 79 120 103 98 146 176 136 22 96 153 154 44 150 177 48 145 14 99 57 46 182 155 39 85 72 190 186 11 108 170 34 53 63 20 86 23 2 112 156 76 25 59 75 191 160 119 116 74 12 125 106 80 49 117 97 185 183 43 0 88 167 101 40 122 26 33 52 126 166 70 113 67 50 73 21 56 107 15 152 69 174 165 68 161 137 1 118 180 121 100 148 91 94 27 144 171 95 16 139 90 188 24 173 105 124 135 51 175 128 32 159 31 114 62 143 47 187 149 54 18 64 138 115 41 181 134 83 38 158 157 111 5 151 28 93 42 178 130 3 66 92 172 169 109 179 184 45 35 61 132 82 30 58 168 55 189 77 10 7 102 131 36 147 141 4 6 78 133 13 71 123 140 9 19 29 104 163 65 37 17 84
459,sorted,0 1 2 3 4 5 6 7 8 9 10 11 12 13 14 15 16 17 18 19 20 21 22 23 24 25 26 27 28 29 30 31 32 33 34 35 36 37 38 39 40 41 42 43 44 45 46 47 48 49 50 51 52 53 54 55 56 57 58 59 60 61 62 63 64 65 66 67 68 69 70 71 72 73 74 75 76 77 78 79 80 81 82 83 84 85 86 87 88 89 90 91 92 93 94 95 96 97 98 99 100 101 102 103 104 105 106 107 108 109 110 111 112 113 114 115 116 117 118 119 120 121 122 123 124 125 126 127 128 129 130 131 132 133 134 135 136 137 138 139 140 141 142 143 144 145 146 147 148 149 150 151 152 153 154 155 156 157 158 159 160 161 162 163 164 165 166 167 168 169 170 171 172 173 174 175 176 177 178 179 180 181 182 183 184 185 186 187 188 189 190 191 192 193 194 195 196 197 198 199 200 201 202 203 204 205 206 207 208 209 210 211 212 213 214 215 216 217 218 219 220 221 222 223 224 225 226 227 228 229 230 231 232 233 234 235 236 237 238 239 240 241 242 243 244 245 246 247 248 249 250 251 252 253 254 255 256 257 258 259 260 261 262 263 264 265 266 267 268 269 270 271 272 273 274 275 276 277 278 279 280 281 282 283 284 285 286 287 288 289 290 291 292 293 294 295 296 297 298 299 300 301 302 303 304 305 306 307 308 309 310 311 312 313 314 315 316 317 318 319 320 321 322 323 324 325 326 327 328 329 330 331 332 333 334 335 336 337 338 339 340 341 342 343 344 345 346 347 348 349 350 351 352 353 354 355 356 357 358 359 360 361 362 363 364 365 366 367 368 369 370 371 372 373 374 375 376 377 378 379 380 381 382 383 384 385 386 387 388 389 390 391 392 393 394 395 396 397 398 399 400 401 402 403 404 405 406 407 408 409 410 411 412 413 414 415 416 417 418 419 420 421 422 423 424 425 426 427 428 429 430 431 432 433 434 435 436 437 438 439 440 441 442 443 444 445 446 447 448 449 450 451 452 453 454 455 456 457 458
459,reversed,458 457 456 455 454 453 452 451 450 449 448 447 446 445 444 443 442 441 440 439 438 437 436 435 434 433 432 431 430 429 428 427 426 425 424 423 422 421 420 419 418 417 416 415 414 413 412 411 410 409 408 407 406 405 404 403 402 401 400 399 398 397 396 395 394 393 392 391 390 389 388 387 386 385 384 383 382 381 380 379 378 377 376 375 374 373 372 371 370 369 368 367 366 365 364 363 362 361 360 359 358 357 356 355 354 353 352 351 350 349 348 347 346 345 344 343 342 341 340 339 338 337 336 335 334 333 332 331 330 329 328 327 326 325 324 323 322 321 320 319 318 317 316 315 314 313 312 311 310 309 308 307 306 305 304 303 302 301 300 299 298 297 296 295 294 293 292 291 290 289 288 287 286 285 284 283 282 281 280 279 278 277 276 275 274 273 272 271 270 269 268 267 266 265 264 263 262 261 260 259 258 257 256 255 254 253 252 251 250 249 248 247 246 245 244 243 242 241 240 239 238 237 236 235 234 233 232 231 230 229 228 227 226 225 224 223 222 221 220 219 218 217 216 215 214 213 212 211 210 209 208 207 206 205 204 203 202 201 200 199 198 197 196 195 194 193 192 191 190 189 188 187 186 185 184 183 182 181 180 179 178 177 176 175 174 173 172 171 170 169 168 167 166 165 164 163 162 161 160 159 158 157 156 155 154 153 152 151 150 149 148 147 146 145 144 143 142 141 140 139 138 137 136 135 134 133 132 131 130 129 128 127 126 125 124 123 122 121 120 119 118 117 116 115 114 113 112 111 110 109 108 107 106 105 104 103 102 101 100 99 98 97 96 95 94 93 92 91 90 89 88 87 86 85 84 83 82 81 80 79 78 77 76 75 74 73 72 71 70 69 68 67 66 65 64 63 62 61 60 59 58 57 56 55 54 53 52 51 50 49 48 47 46 45 44 43 42 41 40 39 38 37 36 35 34 33 32 31 30 29 28 27 26 25 24 23 22 21 20 19 18 17 16 15 14 13 12 11 10 9 8 7 6 5 4 3 2 1 0
459,random,52 366 217 411 29 317 48 224 190 178 57 320 94 8 84 358 375 4 279 16 282 40 353 371 59 241 195 158 121 252 90 161 35 65 254 422 396 416 191 394 132 248 38 171 269 314 41 277 328 288 270 2 362 342 250 406 281 22 155 449 182 200 405 24 206 87 290 408 335 367 43 311 28 222 80 116 1 15 66 188 424 27 430 5 209 457 129 142 151 47 307 453 401 34 255 49 296 297 112 325 298 425 343 180 261 390 106 82 102 18 373 398 36 113 165 434 454 249 274 46 23 201 253 117 283 345 204 349 263 456 184 56 237 159 207 309 330 337 183 381 160 174 114 98 214 231 60 336 304 13 377 55 318 170 208 323 149 305 409 187 258 293 418 262 266 302 441 260 227 33 137 54 157 322 391 364 25 99 6 75 403 128 127 427 386 53 363 93 303 30 355 193 407 273 58 334 173 344 97 243 202 455 32 124 131 240 229 421 192 299 218 436 440 426 135 215 31 45 340 432 374 71 346 199 133 276 123 338 383 450 234 233 130 228 76 351 321 211 444 100 0 341 419 64 265 359 120 380 74 285 350 385 156 105 10 429 96 402 7 176 150 44 79 410 246 284 235 122 179 147 168 438 107 219 313 331 242 332 339 167 225 356 115 223 316 141 245 447 378 446 232 257 83 292 259 329 212 126 389 169 162 186 153 230 205 194 271 216 67 275 144 238 81 62 103 164 324 125 379 264 85 354 280 19 145 278 420 221 413 89 388 148 92 152 166 300 435 294 78 11 289 26 326 139 9 101 73 393 458 327 39 244 181 251 118 415 42 175 417 423 12 397 247 291 21 272 382 220 286 72 414 210 372 50 256 69 70 88 308 312 433 197 348 236 301 213 146 319 108 448 189 347 138 428 185 267 360 91 442 431 226 287 77 198 352 68 63 369 172 14 399 163 136 370 104 239 20 140 295 445 86 3 333 365 439 110 154 368 357 143 452 400 119 196 111 61 395 412 17 177 384 51 437 37 95 268 361 315 306 392 376 310 134 404 109 451 203 387 443
193,sorted,0 1 2 3 4 5 6 7 8 9 10 11 12 13 14 15 16 17 18 19 20 21 22 23 24 25 26 27 28 29 30 31 32 33 34 35 36 37 38 39 40 41 42 43 44 45 46 47 48 49 50 51 52 53 54 55 56 57 58 59 60 61 62 63 64 65 66 67 68 69 70 71 72 73 74 75 76 77 78 79 80 81 82 83 84 85 86 87 88 89 90 91 92 93 94 95 96 97 98 99 100 101 102 103 104 105 106 107 108 109 110 111 112 113 114 115 116 117 118 119 120 121 122 123 124 125 126 127 128 129 130 131 132 133 134 135 136 137 138 139 140 141 142 143 144 145 146 147 148 149 150 151 152 153 154 155 156 157 158 159 160 161 162 163 164 165 166 167 168 169 170 171 172 173 174 175 176 177 178 179 180 181 182 183 184 185 186 187 188 189 190 191 192
193,reversed,192 191 190 189 188 187 186 185 184 183 182 181 180 179 178 177 176 175 174 173 172 171 170 169 168 167 166 165 164 163 162 161 160 159 158 157 156 155 154 153 152 151 150 149 148 147 146 145 144 143 142 141 140 139 138 137 136 135 134 133 132 131 130 129 128 127 126 125 124 123 122 121 120 119 118 117 116 115 114 113 112 111 110 109 108 107 106 105 104 103 102 101 100 99 98 97 96 95 94 93 92 91 90 89 88 87 86 85 84 83 82 81 80 79 78 77 76 75 74 73 72 71 70 69 68 67 66 65 64 63 62 61 60 59 58 57 56 55 54 53 52 51 50 49 48 47 46 45 44 43 42 41 40 39 38 37 36 35 34 33 32 31 30 29 28 27 26 25 24 23 22 21 20 19 18 17 16 15 14 13 12 11 10 9 8 7 6 5 4 3 2 1 0
193,random,77 142 108 21 16 179 36 0 3 162 11 48 54 43 8 30 60 52 63 49 68 170 69 93 190 139 2 187 59 83 42 41 149 97 156 91 180 76 37 73 99 9 126 96 22 47 186 62 104 31 154 87 18 58 140 32 101 12 177 134 82 23 158 107 181 29 90 178 64 98 57 117 26 74 120 143 66 13 185 144 78 65 136 127 118 157 174 182 103 141 166 89 46 169 27 160 119 114 152 17 159 115 125 81 135 151 153 116 189 148 85 184 173 25 112 106 80 111 10 145 121 124 4 86 155 38 55 146 105 150 161 34 75 51 15 164 72 191 39 92 132 24 129 165 88 113 20 110 128 35 133 44 192 123 6 167 50 183 45 56 33 100 71 172 102 70 94 168 122 53 176 84 188 14 163 5 109 138 79 28 175 40 171 1 7 19 95 61 67 137 131 147 130
492,sorted,0 1 2 3 4 5 6 7 8 9 10 11 12 13 14 15 16 17 18 19 20 21 22 23 24 25 26 27 28 29 30 31 32 33 34 35 36 37 38 39 40 41 42 43 44 45 46 47 48 49 50 51 52 53 54 55 56 57 58 59 60 61 62 63 64 65 66 67 68 69 70 71 72 73 74 75 76 77 78 79 80 81 82 83 84 85 86 87 88 89 90 91 92 93 94 95 96 97 98 99 100 101 102 103 104 105 106 107 108 109 110 111 112 113 114 115 116 117 118 119 120 121 122 123 124 125 126 127 128 129 130 131 132 133 134 135 136 137 138 139 140 141 142 143 144 145 146 147 148 149 150 151 152 153 154 155 156 157 158 159 160 161 162 163 164 165 166 167 168 169 170 171 172 173 174 175 176 177 178 179 180 181 182 183 184 185 186 187 188 189 190 191 192 193 194 195 196 197 198 199 200 201 202 203 204 205 206 207 208 209 210 211 212 213 214 215 216 217 218 219 220 221 222 223 224 225 226 227 228 229 230 231 232 233 234 235 236 237 238 239 240 241 242 243 244 245 246 247 248 249 250 251 252 253 254 255 256 257 258 259 260 261 262 263 264 265 266 267 268 269 270 271 272 273 274 275 276 277 278 279 280 281 282 283 284 285 286 287 288 289 290 291 292 293 294 295 296 297 298 299 300 301 302 303 304 305 306 307 308 309 310 311 312 313 314 315 316 317 318 319 320 321 322 323 324 325 326 327 328 329 330 331 332 333 334 335 336 337 338 339 340 341 342 343 344 345 346 347 348 349 350 351 352 353 354 355 356 357 358 359 360 361 362 363 364 365 366 367 368 369 370 371 372 373 374 375 376 377 378 379 380 381 382 383 384 385 386 387 388 389 390 391 392 393 394 395 396 397 398 399 400 401 402 403 404 405 406 407 408 409 410 411 412 413 414 415 416 417 418 419 420 421 422 423 424 425 426 427 428 429 430 431 432 433 434 435 436 437 438 439 440 441 442 443 444 445 446 447 448 449 450 451 452 453 454 455 456 457 458 459 460 461 462 463 464 465 466 467 468 469 470 471 472 473 474 475 476 477 478 479 480 481 482 483 484 485 486 487 488 489 490 491
492,reversed,491 490 489 488 487 486 485 484 483 482 481 480 479 478 477 476 475 474 473 472 471 470 469 468 467 466 465 464 463 462 461 460 459 458 457 456 455 454 453 452 451 450 449 448 447 446 445 444 443 442 441 440 439 438 437 436 435 434 433 432 431 430 429 428 427 426 425 424 423 422 421 420 419 418 417 416 415 414 413 412 411 410 409 408 407 406 405 404 403 402 401 400 399 398 397 396 395 394 393 392 391 390 389 388 387 386 385 384 383 382 381 380 379 378 377 376 375 374 373 372 371 370 369 368 367 366 365 364 363 362 361 360 359 358 357 356 355 354 353 352 351 350 349 348 347 346 345 344 343 342 341 340 339 338 337 336 335 334 333 332 331 330 329 328 327 326 325 324 323 322 321 320 319 318 317 316 315 314 313 312 311 310 309 308 307 306 305 304 303 302 301 300 299 298 297 296 295 294 293 292 291 290 289 288 287 286 285 284 283 282 281 280 279 278 277 276 275 274 273 272 271 270 269 268 267 266 265 264 263 262 261 260 259 258 257 256 255 254 253 252 251 250 249 248 247 246 245 244 243 242 241 240 239 238 237 236 235 234 233 232 231 230 229 228 227 226 225 224 223 222 221 220 219 218 217 216 215 214 213 212 211 210 209 208 207 206 205 204 203 202 201 200 199 198 197 196 195 194 193 192 191 190 189 188 187 186 185 184 183 182 181 180 179 178 177 176 175 174 173 172 171 170 169 168 167 166 165 164 163 162 161 160 159 158 157 156 155 154 153 152 151 150 149 148 147 146 145 144 143 142 141 140 139 138 137 136 135 134 133 132 131 130 129 128 127 126 125 124 123 122 121 120 119 118 117 116 115 114 113 112 111 110 109 108 107 106 105 104 103 102 101 100 99 98 97 96 95 94 93 92 91 90 89 88 87 86 85 84 83 82 81 80 79 78 77 76 75 74 73 72 71 70 69 68 67 66 65 64 63 62 61 60 59 58 57 56 55 54 53 52 51 50 49 48 47 46 45 44 43 42 41 40 39 38 37 36 35 34 33 32 31 30 29 28 27 26 25 24 23 22 21 20 19 18 17 16 15 14 13 12 11 10 9 8 7 6 5 4 3 2 1 0
492,random,422 314 430 412 161 160 1 78 226 326 35 11 244 167 360 59 456 63 467 404 207 419 217 400 116 255 455 261 196 142 353 351 82 153 482 111 251 280 309 126 294 414 72 260 83 193 300 386 304 337 407 224 391 268 402 194 114 182 428 17 60 175 49 106 108 333 39 192 362 25 64 357 341 379 254 318 310 490 491 37 85 67 425 308 232 195 299 0 403 475 420 478 42 239 214 56 463 156 387 252 468 158 290 94 355 319 322 279 486 484 178 76 179 125 41 321 256 33 418 376 92 488 24 30 489 139 431 286 230 148 5 73 264 312 440 216 461 183 383 233 443 361 165 95 262 433 51 109 120 231 29 32 144 450 117 267 189 335 163 340 102 346 204 350 129 26 358 13 96 306 61 429 266 369 459 426 68 176 140 40 473 465 107 187 23 439 257 454 272 171 44 27 14 65 20 287 168 7 48 150 259 209 110 295 19 177 202 372 292 164 413 274 332 86 212 437 263 172 411 197 363 324 12 225 146 374 457 464 245 378 354 408 55 170 427 469 198 435 265 6 4 373 169 291 417 152 205 119 307 122 242 157 311 281 132 331 124 91 380 185 104 366 441 449 180 442 18 99 213 323 128 405 446 88 134 57 130 352 237 9 84 453 143 75 390 218 118 284 347 188 283 451 46 243 466 250 115 135 336 16 329 123 221 50 219 328 397 52 452 154 54 276 382 365 181 210 159 87 285 293 288 184 315 359 71 97 301 138 367 215 480 90 229 330 235 334 136 348 173 45 101 62 269 131 313 203 485 416 305 338 53 474 364 282 199 472 121 113 141 211 70 191 2 344 253 234 271 375 445 222 297 303 356 394 248 186 3 460 377 296 423 275 317 66 21 77 339 200 31 149 162 58 434 208 10 381 36 69 38 415 81 79 80 410 438 481 249 476 89 388 289 100 43 401 487 483 298 133 166 325 47 368 137 206 470 15 448 393 145 258 349 278 477 127 240 471 396 462 151 241 270 103 223 34 302 174 190 246 370 98 458 316 277 238 228 343 432 112 320 28 421 385 395 479 273 392 236 436 389 93 220 384 409 398 8 147 406 155 345 444 327 342 424 105 247 371 22 447 74 201 227 399
357,sorted,0 1 2 3 4 5 6 7 8 9 10 11 12 13 14 15 16 17 18 19 20 21 22 23 24 25 26 27 28 29 30 31 32 33 34 35 36 37 38 39 40 41 42 43 44 45 46 47 48 49 50 51 52 53 54 55 56 57 58 59 60 61 62 63 64 65 66 67 68 69 70 71 72 73 74 75 76 77 78 79 80 81 82 83 84 85 86 87 88 89 90 91 92 93 94 95 96 97 98 99 100 101 102 103 104 105 106 107 108 109 110 111 112 113 114 115 116 117 118 119 120 121 122 123 124 125 126 127 128 129 130 131 132 133 134 135 136 137 138 139 140 141 142 143 144 145 146 147 148 149 150 151 152 153 154 155 156 157 158 159 160 161 162 163 164 165 166 167 168 169 170 171 172 173 174 175 176 177 178 179 180 181 182 183 184 185 186 187 188 189 190 191 192 193 194 195 196 197 198 199 200 201 202 203 204 205 206 207 208 209 210 211 212 213 214 215 216 217 218 219 220 221 222 223 224 225 226 227 228 229 230 231 232 233 234 235 236 237 238 239 240 241 242 243 244 245 246 247 248 249 250 251 252 253 254 255 256 257 258 259 260 261 262 263 264 265 266 267 268 269 270 271 272 273 274 275 276 277 278 279 280 281 282 283 284 285 286 287 288 289 290 291 292 293 294 295 296 297 298 299 300 301 302 303 304 305 306 307 308 309 310 311 312 313 314 315 316 317 318 319 320 321 322 323 324 325 326 327 328 329 330 331 332 333 334 335 336 337 338 339 340 341 342 343 344 345 346 347 348 349 350 351 352 353 354 355 356
357,reversed,356 355 354 353 352 351 350 349 348 347 346 345 344 343 342 341 340 339 338 337 336 335 334 333 332 331 330 329 328 327 326 325 324 323 322 321 320 319 318 317 316 315 314 313 312 311 310 309 308 307 306 305 304 303 302 301 300 299 298 297 296 295 294 293 292 291 290 289 288 287 286 285 284 283 282 281 280 279 278 277 276 275 274 273 272 271 270 269 268 267 266 265 264 263 262 261 260 259 258 257 256 255 254 253 252 251 250 249 248 247 246 245 244 243 242 241 240 239 238 237 236 235 234 233 232 231 230 229 228 227 226 225 224 223 222 221 220 219 218 217 216 215 214 213 212 211 210 209 208 207 206 205 204 203 202 201 200 199 198 197 196 195 194 193 192 191 190 189 188 187 186 185 184 183 182 181 180 179 178 177 176 175 174 173 172 171 170 169 168 167 166 165 164 163 162 161 160 159 158 157 156 155 154 153 152 151 150 149 148 147 146 145 144 143 142 141 140 139 138 137 136 135 134 133 132 131 130 129 128 127 126 125 124 123 122 121 120 119 118 117 116 115 114 113 112 111 110 109 108 107 106 105 104 103 102 101 100 99 98 97 96 95 94 93 92 91 90 89 88 87 86 85 84 83 82 81 80 79 78 77 76 75 74 73 72 71 70 69 68 67 66 65 64 63 62 61 60 59 58 57 56 55 54 53 52 51 50 49 48 47 46 45 44 43 42 41 40 39 38 37 36 35 34 33 32 31 30 29 28 27 26 25 24 23 22 21 20 19 18 17 16 15 14 13 12 11 10 9 8 7 6 5 4 3 2 1 0
357,random,135 261 264 102 331 259 157 256 118 279 289 108 148 183 39 78 320 123 309 225 345 252 341 158 174 215 350 324 68 33 298 25 93 31 171 137 176 348 57 269 55 82 172 83 283 213 282 54 129 4 237 91 1 40 155 343 217 71 131 119 165 227 45 0 242 111 94 58 12 21 198 149 232 125 95 28 268 353 347 75 132 248 20 8 201 109 307 336 276 63 178 69 297 152 294 351 185 128 288 314 74 323 195 265 197 262 139 51 275 154 239 106 335 77 296 87 36 177 142 312 15 254 199 334 356 187 317 42 228 46 349 73 72 308 202 150 38 234 84 230 122 211 250 61 144 104 43 23 221 346 216 22 47 86 305 328 66 88 120 354 81 76 116 2 147 313 127 126 352 140 253 295 233 226 167 245 18 16 330 151 266 200 169 9 247 310 161 96 11 112 315 180 208 303 246 337 32 156 273 52 60 214 121 56 231 325 274 145 224 79 235 267 37 138 141 175 240 278 302 194 219 110 322 236 326 164 182 115 355 117 134 173 186 243 301 10 327 184 329 90 113 3 339 318 204 80 319 14 19 255 209 277 92 271 162 293 290 306 316 98 207 222 203 188 181 342 13 5 41 344 191 27 287 249 89 35 192 284 44 285 48 64 244 26 7 292 179 304 49 50 280 258 263 6 340 332 220 189 218 196 212 291 241 160 136 99 190 163 24 105 299 70 333 270 168 229 311 170 257 34 17 146 101 67 100 59 30 206 238 338 286 223 65 85 321 159 29 210 124 300 103 193 130 260 53 133 107 272 97 153 114 143 205 281 62 166 251
395,sorted,0 1 2 3 4 5 6 7 8 9 10 11 12 13 14 15 16 17 18 19 20 21 22 23 24 25 26 27 28 29 30 31 32 33 34 35 36 37 38 39 40 41 42 43 44 45 46 47 48 49 50 51 52 53 54 55 56 57 58 59 60 61 62 63 64 65 66 67 68 69 70 71 72 73 74 75 76 77 78 79 80 81 82 83 84 85 86 87 88 89 90 91 92 93 94 95 96 97 98 99 100 101 102 103 104 105 106 107 108 109 110 111 112 113 114 115 116 117 118 119 120 121 122 123 124 125 126 127 128 129 130 131 132 133 134 135 136 137 138 139 140 141 142 143 144 145 146 147 148 149 150 151 152 153 154 155 156 157 158 159 160 161 162 163 164 165 166 167 168 169 170 171 172 173 174 175 176 177 178 179 180 181 182 183 184 185 186 187 188 189 190 191 192 193 194 195 196 197 198 199 200 201 202 203 204 205 206 207 208 209 210 211 212 213 214 215 216 217 218 219 220 221 222 223 224 225 226 227 228 229 230 231 232 233 234 235 236 237 238 239 240 241 242 243 244 245 246 247 248 249 250 251 252 253 254 255 256 257 258 259 260 261 262 263 264 265 266 267 268 269 270 271 272 273 274 275 276 277 278 279 280 281 282 283 284 285 286 287 288 289 290 291 292 293 294 295 296 297 298 299 300 301 302 303 304 305 306 307 308 309 310 311 312 313 314 315 316 317 318 319 320 321 322 323 324 325 326 327 328 329 330 331 332 333 334 335 336 337 338 339 340 341 342 343 344 345 346 347 348 349 350 351 352 353 354 355 356 357 358 359 360 361 362 363 364 365 366 367 368 369 370 371 372 373 374 375 376 377 378 379 380 381 382 383 384 385 386 387 388 389 390 391 392 393 394
395,reversed,394 393 392 391 390 389 388 387 386 385 384 383 382 381 380 379 378 377 376 375 374 373 372 371 370 369 368 367 366 365 364 363 362 361 360 359 358 357 356 355 354 353 352 351 350 349 348 347 346 345 344 343 342 341 340 339 338 337 336 335 334 333 332 331 330 329 328 327 326 325 324 323 322 321 320 319 318 317 316 315 314 313 312 311 310 309 308 307 306 305 304 303 302 301 300 299 298 297 296 295 294 293 292 291 290 289 288 287 286 285 284 283 282 281 280 279 278 277 276 275 274 273 272 271 270 269 268 267 266 265 264 263 262 261 260 259 258 257 256 255 254 253 252 251 250 249 248 247 246 245 244 243 242 241 240 239 238 237 236 235 234 233 232 231 230 229 228 227 226 225 224 223 222 221 220 219 218 217 216 215 214 213 212 211 210 209 208 207 206 205 204 203 202 201 200 199 198 197 196 195 194 193 192 191 190 189 188 187 186 185 184 183 182 181 180 179 178 177 176 175 174 173 172 171 170 169 168 167 166 165 164 163 162 161 160 159 158 157 156 155 154 153 152 151 150 149 148 147 146 145 144 143 142 141 140 139 138 137 136 135 134 133 132 131 130 129 128 127 126 125 124 123 122 121 120 119 118 117 116 115 114 113 112 111 110 109 108 107 106 105 104 103 102 101 100 99 98 97 96 95 94 93 92 91 90 89 88 87 86 85 84 83 82 81 80 79 78 77 76 75 74 73 72 71 70 69 68 67 66 65 64 63 62 61 60 59 58 57 56 55 54 53 52 51 50 49 48 47 46 45 44 43 42 41 40 39 38 37 36 35 34 33 32 31 30 29 28 27 26 25 24 23 22 21 20 19 18 17 16 15 14 13 12 11 10 9 8 7 6 5 4 3 2 1 0
395,random,171 299 24 230 276 160 211 199 394 357 265 127 154 54 17 258 302 18 104 35 0 262 84 25 26 135 301 168 378 179 319 250 82 22 353 226 244 368 345 379 322 164 372 236 118 40 64 308 185 281 194 338 70 204 321 102 159 241 21 178 128 15 312 92 225 94 144 279 53 42 284 8 180 214 380 83 132 155 350 348 112 101 119 36 311 336 151 377 44 306 272 293 181 346 207 289 95 191 355 309 198 210 217 364 79 157 283 305 294 90 55 195 383 243 339 229 391 247 163 266 142 61 134 114 3 365 251 193 317 34 130 10 326 125 203 327 108 249 145 158 105 246 275 121 39 374 300 75 131 111 48 43 73 98 20 298 221 324 38 152 337 323 12 245 65 260 280 252 332 310 200 285 133 347 66 212 60 190 170 86 173 62 192 148 122 76 107 31 329 385 126 269 147 136 30 273 261 220 88 367 361 96 14 219 113 216 384 358 388 2 100 376 263 392 153 188 49 186 354 59 205 224 389 149 209 366 255 227 91 267 307 81 89 290 47 352 106 271 143 239 254 52 234 256 177 51 138 141 27 161 334 363 318 197 63 343 189 165 351 208 16 257 314 222 386 344 360 375 215 50 248 362 320 330 150 4 115 140 13 201 87 72 139 6 341 393 109 370 282 182 166 187 295 371 278 137 1 390 58 117 41 7 359 123 287 172 57 286 242 46 110 32 233 223 228 71 202 270 184 167 296 264 291 356 304 253 333 169 381 174 29 237 56 11 77 69 387 382 19 231 28 316 218 238 33 240 5 274 369 206 315 146 325 97 156 93 74 313 68 335 99 175 116 288 340 349 196 67 213 328 268 176 23 124 80 9 129 235 183 292 103 120 259 78 45 373 85 232 342 297 162 303 37 277 331
136,sorted,0 1 2 3 4 5 6 7 8 9 10 11 12 13 14 15 16 17 18 19 20 21 22 23 24 25 26 27 28 29 30 31 32 33 34 35 36 37 38 39 40 41 42 43 44 45 46 47 48 49 50 51 52 53 54 55 56 57 58 59 60 61 62 63 64 65 66 67 68 69 70 71 72 73 74 75 76 77 78 79 80 81 82 83 84 85 86 87 88 89 90 91 92 93 94 95 96 97 98 99 100 101 102 103 104 105 106 107 108 109 110 111 112 113 114 115 116 117 118 119 120 121 122 123 124 125 126 127 128 129 130 131 132 133 134 135
136,reversed,135 134 133 132 131 130 129 128 127 126 125 124 123 122 121 120 119 118 117 116 115 114 113 112 111 110 109 108 107 106 105 104 103 102 101 100 99 98 97 96 95 94 93 92 91 90 89 88 87 86 85 84 83 82 81 80 79 78 77 76 75 74 73 72 71 70 69 68 67 66 65 64 63 62 61 60 59 58 57 56 55 54 53 52 51 50 49 48 47 46 45 44 43 42 41 40 39 38 37 36 35 34 33 32 31 30 29 28 27 26 25 24 23 22 21 20 19 18 17 16 15 14 13 12 11 10 9 8 7 6 5 4 3 2 1 0
136,random,6 24 128 63 9 101 66 40 118 95 32 115 52 117 61 79 119 130 36 16 125 41 67 88 100 12 55 87 105 1 21 47 5 97 38 135 28 50 99 85 35 11 129 27 90 113 107 126 132 62 104 46 59 57 124 31 39 96 19 106 120 7 127 48 72 98 70 53 71 58 86 73 110 49 45 4 78 80 111 131 114 122 34 77 56 83 121 76 33 60 43 133 116 91 92 68 23 123 89 108 103 44 22 42 69 14 0 102 20 65 51 25 54 93 82 3 109 2 10 94 13 30 75 8 74 17 81 134 84 64 29 37 18 26 15 112
129,sorted,0 1 2 3 4 5 6 7 8 9 10 11 12 13 14 15 16 17 18 19 20 21 22 23 24 25 26 27 28 29 30 31 32 33 34 35 36 37 38 39 40 41 42 43 44 45 46 47 48 49 50 51 52 53 54 55 56 57 58 59 60 61 62 63 64 65 66 67 68 69 70 71 72 73 74 75 76 77 78 79 80 81 82 83 84 85 86 87 88 89 90 91 92 93 94 95 96 97 98 99 100 101 102 103 104 105 106 107 108 109 110 111 112 113 114 115 116 117 118 119 120 121 122 123 124 125 126 127 128
129,reversed,128 127 126 125 124 123 122 121 120 119 118 117 116 115 114 113 112 111 110 109 108 107 106 105 104 103 102 101 100 99 98 97 96 95 94 93 92 91 90 89 88 87 86 85 84 83 82 81 80 79 78 77 76 75 74 73 72 71 70 69 68 67 66 65 64 63 62 61 60 59 58 57 56 55 54 53 52 51 50 49 48 47 46 45 44 43 42 41 40 39 38 37 36 35 34 33 32 31 30 29 28 27 26 25 24 23 22 21 20 19 18 17 16 15 14 13 12 11 10 9 8 7 6 5 4 3 2 1 0
129,random,35 69 79 58 9 115 74 4 18 117 29 88 83 95 22 37 118 92 120 54 97 53 19 68 52 103 91 36 63 44 10 26 66 67 114 96 94 72 40 32 77 70 45 24 64 49 109 90 106 126 78 84 100 7 116 104 110 12 39 128 20 127 14 75 50 93 89 86 56 101 3 5 112 48 46 76 65 27 99 28 124 119 98 15 59 8 0 61 1 33 111 21 82 38 125 105 71 6 25 123 60 47 108 41 13 31 81 73 121 113 80 30 102 23 2 17 62 43 42 51 34 107 16 87 57 55 11 122 85
194,sorted,0 1 2 3 4 5 6 7 8 9 10 11 12 13 14 15 16 17 18 19 20 21 22 23 24 25 26 27 28 29 30 31 32 33 34 35 36 37 38 39 40 41 42 43 44 45 46 47 48 49 50 51 52 53 54 55 56 57 58 59 60 61 62 63 64 65 66 67 68 69 70 71 72 73 74 75 76 77 78 79 80 81 82 83 84 85 86 87 88 89 90 91 92 93 94 95 96 97 98 99 100 101 102 103 104 105 106 107 108 109 110 111 112 113 114 115 116 117 118 119 120 121 122 123 124 125 126 127 128 129 130 131 132 133 134 135 136 137 138 139 140 141 142 143 144 145 146 147 148 149 150 151 152 153 154 155 156 157 158 159 160 161 162 163 164 165 166 167 168 169 170 171 172 173 174 175 176 177 178 179 180 181 182 183 184 185 186 187 188 189 190 191 192 193
194,reversed,193 192 191 190 189 188 187 186 185 184 183 182 181 180 179 178 177 176 175 174 173 172 171 170 169 168 167 166 165 164 163 162 161 160 159 158 157 156 155 154 153 152 151 150 149 148 147 146 145 144 143 142 141 140 139 138 137 136 135 134 133 132 131 130 129 128 127 126 125 124 123 122 121 120 119 118 117 116 115 114 113 112 111 110 109 108 107 106 105 104 103 102 101 100 99 98 97 96 95 94 93 92 91 90 89 88 87 86 85 84 83 82 81 80 79 78 77 76 75 74 73 72 71 70 69 68 67 66 65 64 63 62 61 60 59 58 57 56 55 54 53 52 51 50 49 48 47 46 45 44 43 42 41 40 39 38 37 36 35 34 33 32 31 30 29 28 27 26 25 24 23 22 21 20 19 18 17 16 15 14 13 12 11 10 9 8 7 6 5 4 3 2 1 0
194,random,141 151 149 162 21 60 85 58 89 153 109 157 46 191 94 56 125 28 170 2 124 167 164 108 192 137 68 42 26 59 147 70 40 161 87 52 131 111 1 34 62 24 103 31 25 154 133 11 187 33 15 166 84 9 184 102 110 39 163 14 116 193 145 49 75 188 152 29 106 160 135 176 95 32 123 138 66 158 50 155 115 72 99 12 53 119 127 113 120 36 79 183 93 6 181 122 7 172 169 44 189 179 47 148 5 165 182 98 4 45 91 61 67 142 41 180 64 144 140 55 174 77 16 126 74 86 132 35 146 73 27 3 112 159 81 143 150 54 23 13 19 48 51 121 171 168 185 156 97 65 88 57 117 104 100 83 175 178 22 30 63 130 17 114 101 71 82 136 92 129 173 96 43 107 37 69 177 8 20 128 18 0 78 38 80 134 190 105 76 10 90 139 118 186
479,sorted,0 1 2 3 4 5 6 7 8 9 10 11 12 13 14 15 16 17 18 19 20 21 22 23 24 25 26 27 28 29 30 31 32 33 34 35 36 37 38 39 40 41 42 43 44 45 46 47 48 49 50 51 52 53 54 55 56 57 58 59 60 61 62 63 64 65 66 67 68 69 70 71 72 73 74 75 76 77 78 79 80 81 82 83 84 85 86 87 88 89 90 91 92 93 94 95 96 97 98 99 100 101 102 103 104 105 106 107 108 109 110 111 112 113 114 115 116 117 118 119 120 121 122 123 124 125 126 127 128 129 130 131 132 133 134 135 136 137 138 139 140 141 142 143 144 145 146 147 148 149 150 151 152 153 154 155 156 157 158 159 160 161 162 163 164 165 166 167 168 169 170 171 172 173 174 175 176 177 178 179 180 181 182 183 184 185 186 187 188 189 190 191 192 193 194 195 196 197 198 199 200 201 202 203 204 205 206 207 208 209 210 211 212 213 214 215 216 217 218 219 220 221 222 223 224 225 226 227 228 229 230 231 232 233 234 235 236 237 238 239 240 241 242 243 244 245 246 247 248 249 250 251 252 253 254 255 256 257 258 259 260 261 262 263 264 265 266 267 268 269 270 271 272 273 274 275 276 277 278 279 280 281 282 283 284 285 286 287 288 289 290 291 292 293 294 295 296 297 298 299 300 301 302 303 304 305 306 307 308 309 310 311 312 313 314 315 316 317 318 319 320 321 322 323 324 325 326 327 328 329 330 331 332 333 334 335 336 337 338 339 340 341 342 343 344 345 346 347 348 349 350 351 352 353 354 355 356 357 358 359 360 361 362 363 364 365 366 367 368 369 370 371 372 373 374 375 376 377 378 379 380 381 382 383 384 385 386 387 388 389 390 391 392 393 394 395 396 397 398 399 400 401 402 403 404 405 406 407 408 409 410 411 412 413 414 415 416 417 418 419 420 421 422 423 424 425 426 427 428 429 430 431 432 433 434 435 436 437 438 439 440 441 442 443 444 445 446 447 448 449 450 451 452 453 454 455 456 457 458 459 460 461 462 463 464 465 466 467 468 469 470 471 472 473 474 475 476 477 478
479,reversed,478 477 476 475 474 473 472 471 470 469 468 467 466 465 464 463 462 461 460 459 458 457 456 455 454 453 452 451 450 449 448 447 446 445 444 443 442 441 440 439 438 437 436 435 434 433 432 431 430 429 428 427 426 425 424 423 422 421 420 419 418 417 416 415 414 413 412 411 410 409 408 407 406 405 404 403 402 401 400 399 398 397 396 395 394 393 392 391 390 389 388 387 386 385 384 383 382 381 380 379 378 377 376 375 374 373 372 371 370 369 368 367 366 365 364 363 362 361 360 359 358 357 356 355 354 353 352 351 350 349 348 347 346 345 344 343 342 341 340 339 338 337 336 335 334 333 332 331 330 329 328 327 326 325 324 323 322 321 320 319 318 317 316 315 314 313 312 311 310 309 308 307 306 305 304 303 302 301 300 299 298 297 296 295 294 293 292 291 290 289 288 287 286 285 284 283 282 281 280 279 278 277 276 275 274 273 272 271 270 269 268 267 266 265 264 263 262 261 260 259 258 257 256 255 254 253 252 251 250 249 248 247 246 245 244 243 242 241 240 239 238 237 236 235 234 233 232 231 230 229 228 227 226 225 224 223 222 221 220 219 218 217 216 215 214 213 212 211 210 209 208 207 206 205 204 203 202 201 200 199 198 197 196 195 194 193 192 191 190 189 188 187 186 185 184 183 182 181 180 179 178 177 176 175 174 173 172 171 170 169 168 167 166 165 164 163 162 161 160 159 158 157 156 155 154 153 152 151 150 149 148 147 146 145 144 143 142 141 140 139 138 137 136 135 134 133 132 131 130 129 128 127 126 125 124 123 122 121 120 119 118 117 116 115 114 113 112 111 110 109 108 107 106 105 104 103 102 101 100 99 98 97 96 95 94 93 92 91 90 89 88 87 86 85 84 83 82 81 80 79 78 77 76 75 74 73 72 71 70 69 68 67 66 65 64 63 62 61 60 59 58 57 56 55 54 53 52 51 50 49 48 47 46 45 44 43 42 41 40 39 38 37 36 35 34 33 32 31 30 29 28 27 26 25 24 23 22 21 20 19 18 17 16 15 14 13 12 11 10 9 8 7 6 5 4 3 2 1 0
479,random,253 56 287 314 13 200 370 270 316 241 431 285 149 103 152 289 61 174 20 372 17 65 77 105 184 319 413 177 173 10 296 138 214 110 306 305 291 397 281 92 233 388 242 232 107 224 51 422 201 416 40 38 307 60 410 44 418 97 98 108 256 64 117 440 116 454 91 197 192 276 272 472 364 9 194 215 331 278 89 293 202 412 136 459 266 191 170 439 357 338 385 180 419 402 26 254 142 78 334 111 343 23 345 30 189 59 300 3 132 333 288 208 321 171 438 395 405 437 143 457 145 360 365 12 292 87 342 445 68 299 322 209 399 298 158 49 94 250 140 320 216 392 432 19 252 151 124 467 15 453 458 441 245 150 7 328 262 351 433 84 259 22 73 16 249 62 235 280 290 76 251 375 332 178 75 475 390 144 137 313 221 269 161 434 383 282 141 327 218 376 428 443 53 311 167 222 135 204 297 318 363 155 450 82 237 227 323 359 126 213 324 455 134 257 446 271 442 86 378 109 14 355 240 90 315 268 93 231 478 448 267 179 24 196 101 226 28 229 263 407 130 279 238 139 85 423 391 45 468 411 112 275 369 21 32 304 133 354 358 309 380 163 456 0 451 43 160 310 473 122 188 341 74 260 326 52 83 261 35 243 470 462 386 95 406 96 1 120 168 337 421 50 427 164 131 36 88 476 239 420 41 335 6 42 25 466 444 339 165 393 398 228 274 265 106 452 374 426 247 57 113 99 425 283 121 127 382 203 404 424 181 71 353 408 317 193 72 195 119 118 31 104 81 58 430 295 102 175 396 302 166 67 347 157 207 114 234 55 33 34 387 340 264 255 2 286 219 210 371 400 367 172 352 182 100 244 246 37 301 47 330 461 220 183 154 80 449 8 115 128 356 156 125 294 460 5 447 350 258 159 336 464 401 348 206 4 471 129 414 329 284 312 384 415 303 362 225 153 29 236 199 205 39 27 223 18 368 469 63 435 162 325 211 187 230 11 66 465 463 69 409 394 429 403 70 46 48 79 147 248 344 361 389 366 308 346 474 273 123 176 186 349 373 436 146 377 198 212 277 477 379 185 381 217 148 417 190 169 54
174,sorted,0 1 2 3 4 5 6 7 8 9 10 11 12 13 14 15 16 17 18 19 20 21 22 23 24 25 26 27 28 29 30 31 32 33 34 35 36 37 38 39 40 41 42 43 44 45 46 47 48 49 50 51 52 53 54 55 56 57 58 59 60 61 62 63 64 65 66 67 68 69 70 71 72 73 74 75 76 77 78 79 80 81 82 83 84 85 86 87 88 89 90 91 92 93 94 95 96 97 98 99 100 101 102 103 104 105 106 107 108 109 110 111 112 113 114 115 116 117 118 119 120 121 122 123 124 125 126 127 128 129 130 131 132 133 134 135 136 137 138 139 140 141 142 143 144 145 146 147 148 149 150 151 152 153 154 155 156 157 158 159 160 161 162 163 164 165 166 167 168 169 170 171 172 173
174,reversed,173 172 171 170 169 168 167 166 165 164 163 162 161 160 159 158 157 156 155 154 153 152 151 150 149 148 147 146 145 144 143 142 141 140 139 138 137 136 135 134 133 132 131 130 129 128 127 126 125 124 123 122 121 120 119 118 117 116 115 114 113 112 111 110 109 108 107 106 105 104 103 102 101 100 99 98 97 96 95 94 93 92 91 90 89 88 87 86 85 84 83 82 81 80 79 78 77 76 75 74 73 72 71 70 69 68 67 66 65 64 63 62 61 60 59 58 57 56 55 54 53 52 51 50 49 48 47 46 45 44 43 42 41 40 39 38 37 36 35 34 33 32 31 30 29 28 27 26 25 24 23 22 21 20 19 18 17 16 15 14 13 12 11 10 9 8 7 6 5 4 3 2 1 0
174,random,146 108 170 95 22 114 105 84 137 143 53 82 65 11 104 96 4 127 151 116 122 121 49 139 39 134 161 0 157 85 5 152 112 163 67 29 130 109 101 169 147 8 18 90 31 144 99 25 129 164 117 148 30 74 60 165 76 93 48 24 135 168 167 140 119 158 160 113 26 111 120 10 142 166 83 55 12 145 159 141 37 27 43 42 23 94 34 47 149 56 21 171 28 72 87 62 75 88 61 2 36 17 107 46 59 9 50 132 131 44 98 54 19 124 162 173 71 6 100 110 45 52 66 156 41 154 40 13 20 63 70 64 106 155 3 38 79 81 15 80 57 1 92 68 73 125 51 136 118 102 97 16 14 115 77 126 32 172 33 153 150 69 123 89 7 133 86 103 35 91 58 128 138 78
390,sorted,0 1 2 3 4 5 6 7 8 9 10 11 12 13 14 15 16 17 18 19 20 21 22 23 24 25 26 27 28 29 30 31 32 33 34 35 36 37 38 39 40 41 42 43 44 45 46 47 48 49 50 51 52 53 54 55 56 57 58 59 60 61 62 63 64 65 66 67 68 69 70 71 72 73 74 75 76 77 78 79 80 81 82 83 84 85 86 87 88 89 90 91 92 93 94 95 96 97 98 99 100 101 102 103 104 105 106 107 108 109 110 111 112 113 114 115 116 117 118 119 120 121 122 123 124 125 126 127 128 129 130 131 132 133 134 135 136 137 138 139 140 141 142 143 144 145 146 147 148 149 150 151 152 153 154 155 156 157 158 159 160 161 162 163 164 165 166 167 168 169 170 171 172 173 174 175 176 177 178 179 180 181 182 183 184 185 186 187 188 189 190 191 192 193 194 195 196 197 198 199 200 201 202 203 204 205 206 207 208 209 210 211 212 213 214 215 216 217 218 219 220 221 222 223 224 225 226 227 228 229 230 231 232 233 234 235 236 237 238 239 240 241 242 243 244 245 246 247 248 249 250 251 252 253 254 255 256 257 258 259 260 261 262 263 264 265 266 267 268 269 270 271 272 273 274 275 276 277 278 279 280 281 282 283 284 285 286 287 288 289 290 291 292 293 294 295 296 297 298 299 300 301 302 303 304 305 306 307 308 309 310 311 312 313 314 315 316 317 318 319 320 321 322 323 324 325 326 327 328 329 330 331 332 333 334 335 336 337 338 339 340 341 342 343 344 345 346 347 348 349 350 351 352 353 354 355 356 357 358 359 360 361 362 363 364 365 366 367 368 369 370 371 372 373 374 375 376 377 378 379 380 381 382 383 384 385 386 387 388 389
390,reversed,389 388 387 386 385 384 383 382 381 380 379 378 377 376 375 374 373 372 371 370 369 368 367 366 365 364 363 362 361 360 359 358 357 356 355 354 353 352 351 350 349 348 347 346 345 344 343 342 341 340 339 338 337 336 335 334 333 332 331 330 329 328 327 326 325 324 323 322 321 320 319 318 317 316 315 314 313 312 311 310 309 308 307 306 305 304 303 302 301 300 299 298 297 296 295 294 293 292 291 290 289 288 287 286 285 284 283 282 281 280 279 278 277 276 275 274 273 272 271 270 269 268 267 266 265 264 263 262 261 260 259 258 257 256 255 254 253 252 251 250 249 248 247 246 245 244 243 242 241 240 239 238 237 236 235 234 233 232 231 230 229 228 227 226 225 224 223 222 221 220 219 218 217 216 215 214 213 212 211 210 209 208 207 206 205 204 203 202 201 200 199 198 197 196 195 194 193 192 191 190 189 188 187 186 185 184 183 182 181 180 179 178 177 176 175 174 173 172 171 170 169 168 167 166 165 164 163 162 161 160 159 158 157 156 155 154 153 152 151 150 149 148 147 146 145 144 143 142 141 140 139 138 137 136 135 134 133 132 131 130 129 128 127 126 125 124 123 122 121 120 119 118 117 116 115 114 113 112 111 110 109 108 107 106 105 104 103 102 101 100 99 98 97 96 95 94 93 92 91 90 89 88 87 86 85 84 83 82 81 80 79 78 77 76 75 74 73 72 71 70 69 68 67 66 65 64 63 62 61 60 59 58 57 56 55 54 53 52 51 50 49 48 47 46 45 44 43 42 41 40 39 38 37 36 35 34 33 32 31 30 29 28 27 26 25 24 23 22 21 20 19 18 17 16 15 14 13 12 11 10 9 8 7 6 5 4 3 2 1 0
390,random,131 35 129 75 45 117 293 94 78 167 69 155 388 59 118 329 109 327 207 193 33 135 273 192 296 308 46 288 86 37 180 232 161 372 201 254 186 281 27 6 88 310 107 190 160 72 64 364 98 97 39 199 242 322 57 332 9 197 375 209 44 347 215 119 0 373 214 65 324 368 104 248 60 162 204 166 345 133 14 217 261 42 362 306 29 280 19 255 386 240 115 354 323 145 127 333 287 252 108 343 357 337 294 275 5 276 238 38 184 344 210 355 262 285 247 301 177 185 176 226 282 318 350 112 211 171 353 153 100 103 132 144 334 365 264 28 172 286 269 198 290 165 82 113 99 302 330 102 73 380 2 50 151 389 319 31 270 304 268 182 1 259 213 41 256 222 34 271 89 53 163 154 202 51 358 178 54 32 146 205 346 90 335 95 189 361 243 356 142 257 79 43 4 283 66 237 267 159 85 359 30 231 170 71 83 326 196 81 266 106 274 156 120 114 340 110 258 360 224 125 157 370 299 200 169 52 316 292 208 3 47 342 17 21 93 174 13 7 58 188 233 235 216 40 191 317 265 381 272 220 48 384 36 377 314 218 80 249 158 321 181 341 336 206 303 250 228 305 148 278 175 379 139 68 313 183 152 309 122 378 111 61 320 147 338 134 234 225 298 227 203 74 10 284 351 77 124 366 229 348 307 96 263 23 179 325 239 70 371 22 385 16 20 363 194 212 26 101 164 315 168 367 91 62 374 92 18 253 289 312 25 187 352 136 245 116 291 387 63 11 279 223 121 311 49 24 15 300 12 221 84 383 241 331 149 141 260 295 219 244 8 138 246 173 376 126 76 349 123 67 150 328 277 105 55 236 128 382 137 56 87 195 251 143 230 140 130 339 297 369
249,sorted,0 1 2 3 4 5 6 7 8 9 10 11 12 13 14 15 16 17 18 19 20 21 22 23 24 25 26 27 28 29 30 31 32 33 34 35 36 37 38 39 40 41 42 43 44 45 46 47 48 49 50 51 52 53 54 55 56 57 58 59 60 61 62 63 64 65 66 67 68 69 70 71 72 73 74 75 76 77 78 79 80 81 82 83 84 85 86 87 88 89 90 91 92 93 94 95 96 97 98 99 100 101 102 103 104 105 106 107 108 109 110 111 112 113 114 115 116 117 118 119 120 121 122 123 124 125 126 127 128 129 130 131 132 133 134 135 136 137 138 139 140 141 142 143 144 145 146 147 148 149 150 151 152 153 154 155 156 157 158 159 160 161 162 163 164 165 166 167 168 169 170 171 172 173 174 175 176 177 178 179 180 181 182 183 184 185 186 187 188 189 190 191 192 193 194 195 196 197 198 199 200 201 202 203 204 205 206 207 208 209 210 211 212 213 214 215 216 217 218 219 220 221 222 223 224 225 226 227 228 229 230 231 232 233 234 235 236 237 238 239 240 241 242 243 244 245 246 247 248
249,reversed,248 247 246 245 244 243 242 241 240 239 238 237 236 235 234 233 232 231 230 229 228 227 226 225 224 223 222 221 220 219 218 217 216 215 214 213 212 211 210 209 208 207 206 205 204 203 202 201 200 199 198 197 196 195 194 193 192 191 190 189 188 187 186 185 184 183 182 181 180 179 178 177 176 175 174 173 172 171 170 169 168 167 166 165 164 163 162 161 160 159 158 157 156 155 154 153 152 151 150 149 148 147 146 145 144 143 142 141 140 139 138 137 136 135 134 133 132 131 130 129 128 127 126 125 124 123 122 121 120 119 118 117 116 115 114 113 112 111 110 109 108 107 106 105 104 103 102 101 100 99 98 97 96 95 94 93 92 91 90 89 88 87 86 85 84 83 82 81 80 79 78 77 76 75 74 73 72 71 70 69 68 67 66 65 64 63 62 61 60 59 58 57 56 55 54 53 52 51 50 49 48 47 46 45 44 43 42 41 40 39 38 37 36 35 34 33 32 31 30 29 28 27 26 25 24 23 22 21 20 19 18 17 16 15 14 13 12 11 10 9 8 7 6 5 4 3 2 1 0
249,random,215 247 135 2 200 95 1 39 110 88 120 178 62 161 175 206 48 92 3 223 145 55 166 33 34 155 204 227 205 111 38 85 26 248 171 230 14 117 172 104 21 13 75 123 24 40 29 11 129 243 81 185 189 52 42 147 19 235 229 224 133 179 32 45 37 219 245 15 164 180 139 181 207 5 187 107 71 126 106 150 163 41 146 196 214 208 142 212 28 143 154 112 184 50 18 105 160 103 134 141 36 30 4 236 61 198 158 119 114 64 68 93 242 217 233 12 89 149 201 128 195 234 124 8 109 16 63 31 76 77 173 25 116 127 162 113 79 27 78 43 20 238 70 231 176 170 188 23 101 46 168 213 218 148 9 102 156 17 51 225 183 237 58 244 159 228 73 96 140 82 90 131 35 210 137 144 138 192 132 122 65 157 190 57 53 118 59 66 87 44 125 72 167 67 56 0 240 221 193 211 100 199 121 152 202 94 49 136 165 99 74 169 151 194 232 186 47 197 182 216 6 115 222 54 174 108 98 60 97 191 239 10 91 153 69 241 177 84 226 203 220 80 130 246 7 83 22 86 209
201,sorted,0 1 2 3 4 5 6 7 8 9 10 11 12 13 14 15 16 17 18 19 20 21 22 23 24 25 26 27 28 29 30 31 32 33 34 35 36 37 38 39 40 41 42 43 44 45 46 47 48 49 50 51 52 53 54 55 56 57 58 59 60 61 62 63 64 65 66 67 68 69 70 71 72 73 74 75 76 77 78 79 80 81 82 83 84 85 86 87 88 89 90 91 92 93 94 95 96 97 98 99 100 101 102 103 104 105 106 107 108 109 110 111 112 113 114 115 116 117 118 119 120 121 122 123 124 125 126 127 128 129 130 131 132 133 134 135 136 137 138 139 140 141 142 143 144 145 146 147 148 149 150 151 152 153 154 155 156 157 158 159 160 161 162 163 164 165 166 167 168 169 170 171 172 173 174 175 176 177 178 179 180 181 182 183 184 185 186 187 188 189 190 191 192 193 194 195 196 197 198 199 200
201,reversed,200 199 198 197 196 195 194 193 192 191 190 189 188 187 186 185 184 183 182 181 180 179 178 177 176 175 174 173 172 171 170 169 168 167 166 165 164 163 162 161 160 159 158 157 156 155 154 153 152 151 150 149 148 147 146 145 144 143 142 141 140 139 138 137 136 135 134 133 132 131 130 129 128 127 126 125 124 123 122 121 120 119 118 117 116 115 114 113 112 111 110 109 108 107 106 105 104 103 102 101 100 99 98 97 96 95 94 93 92 91 90 89 88 87 86 85 84 83 82 81 80 79 78 77 76 75 74 73 72 71 70 69 68 67 66 65 64 63 62 61 60 59 58 57 56 55 54 53 52 51 50 49 48 47 46 45 44 43 42 41 40 39 38 37 36 35 34 33 32 31 30 29 28 27 26 25 24 23 22 21 20 19 18 17 16 15 14 13 12 11 10 9 8 7 6 5 4 3 2 1 0
201,random,27 94 88 18 43 79 154 197 64 11 109 63 191 176 70 126 148 24 162 149 49 153 29 196 34 20 100 75 66 8 108 17 42 127 89 51 158 23 93 65 198 134 172 113 110 47 137 15 166 103 155 4 28 182 31 124 125 7 53 200 180 185 38 83 25 16 84 189 54 167 2 199 119 116 107 56 37 60 36 146 122 55 30 90 139 80 159 188 1 111 143 39 9 0 99 177 173 144 45 151 81 130 132 112 62 184 183 86 3 46 104 129 178 5 105 128 95 91 73 59 44 40 50 115 131 195 168 171 21 142 101 114 118 164 133 135 145 161 123 165 22 48 67 77 97 186 76 179 160 136 32 181 41 147 10 26 156 92 19 68 61 6 13 69 102 33 140 98 192 96 194 170 74 193 174 169 87 121 187 71 52 138 117 12 120 82 157 57 85 163 58 35 78 175 190 14 152 141 150 72 106
360,sorted,0 1 2 3 4 5 6 7 8 9 10 11 12 13 14 15 16 17 18 19 20 21 22 23 24 25 26 27 28 29 30 31 32 33 34 35 36 37 38 39 40 41 42 43 44 45 46 47 48 49 50 51 52 53 54 55 56 57 58 59 60 61 62 63 64 65 66 67 68 69 70 71 72 73 74 75 76 77 78 79 80 81 82 83 84 85 86 87 88 89 90 91 92 93 94 95 96 97 98 99 100 101 102 103 104 105 106 107 108 109 110 111 112 113 114 115 116 117 118 119 120 121 122 123 124 125 126 127 128 129 130 131 132 133 134 135 136 137 138 139 140 141 142 143 144 145 146 147 148 149 150 151 152 153 154 155 156 157 158 159 160 161 162 163 164 165 166 167 168 169 170 171 172 173 174 175 176 177 178 179 180 181 182 183 184 185 186 187 188 189 190 191 192 193 194 195 196 197 198 199 200 201 202 203 204 205 206 207 208 209 210 211 212 213 214 215 216 217 218 219 220 221 222 223 224 225 226 227 228 229 230 231 232 233 234 235 236 237 238 239 240 241 242 243 244 245 246 247 248 249 250 251 252 253 254 255 256 257 258 259 260 261 262 263 264 265 266 267 268 269 270 271 272 273 274 275 276 277 278 279 280 281 282 283 284 285 286 287 288 289 290 291 292 293 294 295 296 297 298 299 300 301 302 303 304 305 306 307 308 309 310 311 312 313 314 315 316 317 318 319 320 321 322 323 324 325 326 327 328 329 330 331 332 333 334 335 336 337 338 339 340 341 342 343 344 345 346 347 348 349 350 351 352 353 354 355 356 357 358 359
360,reversed,359 358 357 356 355 354 353 352 351 350 349 348 347 346 345 344 343 342 341 340 339 338 337 336 335 334 333 332 331 330 329 328 327 326 325 324 323 322 321 320 319 318 317 316 315 314 313 312 311 310 309 308 307 306 305 304 303 302 301 300 299 298 297 296 295 294 293 292 291 290 289 288 287 286 285 284 283 282 281 280 279 278 277 276 275 274 273 272 271 270 269 268 267 266 265 264 263 262 261 260 259 258 257 256 255 254 253 252 251 250 249 248 247 246 245 244 243 242 241 240 239 238 237 236 235 234 233 232 231 230 229 228 227 226 225 224 223 222 221 220 219 218 217 216 215 214 213 212 211 210 209 208 207 206 205 204 203 202 201 200 199 198 197 196 195 194 193 192 191 190 189 188 187 186 185 184 183 182 181 180 179 178 177 176 175 174 173 172 171 170 169 168 167 166 165 164 163 162 161 160 159 158 157 156 155 154 153 152 151 150 149 148 147 146 145 144 143 142 141 140 139 138 137 136 135 134 133 132 131 130 129 128 127 126 125 124 123 122 121 120 119 118 117 116 115 114 113 112 111 110 109 108 107 106 105 104 103 102 101 100 99 98 97 96 95 94 93 92 91 90 89 88 87 86 85 84 83 82 81 80 79 78 77 76 75 74 73 72 71 70 69 68 67 66 65 64 63 62 61 60 59 58 57 56 55 54 53 52 51 50 49 48 47 46 45 44 43 42 41 40 39 38 37 36 35 34 33 32 31 30 29 28 27 26 25 24 23 22 21 20 19 18 17 16 15 14 13 12 11 10 9 8 7 6 5 4 3 2 1 0
360,random,155 302 104 186 195 193 281 109 300 219 358 296 89 266 325 308 208 334 9 252 311 105 70 106 150 43 336 357 280 108 285 93 53 316 82 71 29 48 299 63 209 97 96 154 174 233 52 49 292 182 56 147 244 191 119 23 343 50 286 217 298 80 112 72 30 340 55 68 39 62 320 85 157 189 273 175 287 86 120 103 290 3 165 87 122 133 187 127 172 288 242 246 177 91 318 257 134 144 312 349 130 46 262 166 33 277 57 100 319 279 27 289 234 25 95 149 347 197 168 8 326 188 297 342 22 54 327 0 14 2 341 153 5 227 348 241 352 139 324 18 110 75 64 40 333 237 143 339 245 350 173 231 36 305 216 205 250 194 284 295 81 59 225 28 167 201 224 268 79 270 164 184 113 210 215 307 258 131 76 92 152 31 66 228 269 211 16 32 255 126 203 267 65 111 74 180 276 304 35 314 206 141 235 17 199 84 239 232 107 337 145 151 146 170 198 249 243 88 124 26 116 159 156 136 45 185 271 160 21 181 77 118 41 140 138 223 213 338 200 135 240 306 346 264 10 15 251 47 78 351 34 128 221 212 303 278 101 176 322 260 283 90 359 356 142 169 11 236 355 12 207 19 61 229 102 321 132 230 247 67 345 282 4 259 38 238 123 83 291 315 254 121 214 99 163 1 125 309 332 344 323 51 20 7 293 313 178 274 137 248 354 330 171 24 98 272 331 58 73 317 6 158 310 220 329 37 202 196 42 335 115 256 265 353 218 148 222 226 192 261 204 328 301 94 60 114 275 129 44 69 183 294 117 263 13 190 162 253 179 161
116,sorted,0 1 2 3 4 5 6 7 8 9 10 11 12 13 14 15 16 17 18 19 20 21 22 23 24 25 26 27 28 29 30 31 32 33 34 35 36 37 38 39 40 41 42 43 44 45 46 47 48 49 50 51 52 53 54 55 56 57 58 59 60 61 62 63 64 65 66 67 68 69 70 71 72 73 74 75 76 77 78 79 80 81 82 83 84 85 86 87 88 89 90 91 92 93 94 95 96 97 98 99 100 101 102 103 104 105 106 107 108 109 110 111 112 113 114 115
116,reversed,115 114 113 112 111 110 109 108 107 106 105 104 103 102 101 100 99 98 97 96 95 94 93 92 91 90 89 88 87 86 85 84 83 82 81 80 79 78 77 76 75 74 73 72 71 70 69 68 67 66 65 64 63 62 61 60 59 58 57 56 55 54 53 52 51 50 49 48 47 46 45 44 43 42 41 40 39 38 37 36 35 34 33 32 31 30 29 28 27 26 25 24 23 22 21 20 19 18 17 16 15 14 13 12 11 10 9 8 7 6 5 4 3 2 1 0
116,random,16 4 25 114 97 69 51 111 28 11 22 76 112 37 90 84 93 24 107 115 82 81 45 19 73 9 15 101 92 106 79 67 72 43 1 94 56 65 32 63 44 34 80 85 2 14 103 57 59 70 95 3 21 55 96 10 60 88 38 91 87 74 49 75 31 17 108 66 109 8 89 62 18 46 105 26 20 48 39 54 7 78 98 61 29 50 53 0 47 102 64 77 33 42 12 40 13 36 113 68 52 100 5 23 110 58 27 71 86 104 99 35 83 41 6 30
308,sorted,0 1 2 3 4 5 6 7 8 9 10 11 12 13 14 15 16 17 18 19 20 21 22 23 24 25 26 27 28 29 30 31 32 33 34 35 36 37 38 39 40 41 42 43 44 45 46 47 48 49 50 51 52 53 54 55 56 57 58 59 60 61 62 63 64 65 66 67 68 69 70 71 72 73 74 75 76 77 78 79 80 81 82 83 84 85 86 87 88 89 90 91 92 93 94 95 96 97 98 99 100 101 102 103 104 105 106 107 108 109 110 111 112 113 114 115 116 117 118 119 120 121 122 123 124 125 126 127 128 129 130 131 132 133 134 135 136 137 138 139 140 141 142 143 144 145 146 147 148 149 150 151 152 153 154 155 156 157 158 159 160 161 162 163 164 165 166 167 168 169 170 171 172 173 174 175 176 177 178 179 180 181 182 183 184 185 186 187 188 189 190 191 192 193 194 195 196 197 198 199 200 201 202 203 204 205 206 207 208 209 210 211 212 213 214 215 216 217 218 219 220 221 222 223 224 225 226 227 228 229 230 231 232 233 234 235 236 237 238 239 240 241 242 243 244 245 246 247 248 249 250 251 252 253 254 255 256 257 258 259 260 261 262 263 264 265 266 267 268 269 270 271 272 273 274 275 276 277 278 279 280 281 282 283 284 285 286 287 288 289 290 291 292 293 294 295 296 297 298 299 300 301 302 303 304 305 306 307
308,reversed,307 306 305 304 303 302 301 300 299 298 297 296 295 294 293 292 291 290 289 288 287 286 285 284 283 282 281 280 279 278 277 276 275 274 273 272 271 270 269 268 267 266 265 264 263 262 261 260 259 258 257 256 255 254 253 252 251 250 249 248 247 246 245 244 243 242 241 240 239 238 237 236 235 234 233 232 231 230 229 228 227 226 225 224 223 222 221 220 219 218 217 216 215 214 213 212 211 210 209 208 207 206 205 204 203 202 201 200 199 198 197 196 195 194 193 192 191 190 189 188 187 186 185 184 183 182 181 180 179 178 177 176 175 174 173 172 171 170 169 168 167 166 165 164 163 162 161 160 159 158 157 156 155 154 153 152 151 150 149 148 147 146 145 144 143 142 141 140 139 138 137 136 135 134 133 132 131 130 129 128 127 126 125 124 123 122 121 120 119 118 117 116 115 114 113 112 111 110 109 108 107 106 105 104 103 102 101 100 99 98 97 96 95 94 93 92 91 90 89 88 87 86 85 84 83 82 81 80 79 78 77 76 75 74 73 72 71 70 69 68 67 66 65 64 63 62 61 60 59 58 57 56 55 54 53 52 51 50 49 48 47 46 45 44 43 42 41 40 39 38 37 36 35 34 33 32 31 30 29 28 27 26 25 24 23 22 21 20 19 18 17 16 15 14 13 12 11 10 9 8 7 6 5 4 3 2 1 0
308,random,303 279 197 164 156 278 153 149 251 205 288 255 226 178 132 206 147 141 262 254 124 60 199 107 296 181 88 38 140 193 44 50 167 236 119 274 12 289 74 57 212 208 184 292 301 123 84 171 90 160 144 86 66 219 48 234 214 263 166 120 63 115 20 113 106 80 121 269 239 282 19 23 5 97 290 298 216 9 68 248 247 271 148 280 157 39 154 104 49 204 275 170 73 41 89 229 18 257 52 36 201 76 135 43 83 45 150 59 96 172 130 192 244 100 283 169 304 116 195 61 242 243 71 265 24 249 46 143 75 268 207 198 31 126 111 25 218 237 37 210 270 118 250 77 273 267 294 10 102 246 56 180 94 176 0 27 295 112 67 95 93 22 230 13 223 4 266 182 30 189 136 65 191 231 307 108 217 55 175 85 21 8 33 220 209 152 225 202 122 103 1 142 146 128 287 134 42 34 64 302 177 133 11 137 264 238 139 29 7 190 258 105 17 221 138 284 3 277 305 35 117 211 232 245 299 110 161 276 47 54 69 82 297 92 285 253 16 163 185 173 203 155 241 129 58 179 261 200 72 286 40 233 194 213 131 15 145 272 53 222 235 240 224 188 62 252 228 151 174 2 127 26 158 196 256 14 114 91 159 281 6 300 70 291 293 101 32 99 98 79 162 51 28 165 259 260 227 168 306 87 78 215 183 81 125 187 186 109
186,sorted,0 1 2 3 4 5 6 7 8 9 10 11 12 13 14 15 16 17 18 19 20 21 22 23 24 25 26 27 28 29 30 31 32 33 34 35 36 37 38 39 40 41 42 43 44 45 46 47 48 49 50 51 52 53 54 55 56 57 58 59 60 61 62 63 64 65 66 67 68 69 70 71 72 73 74 75 76 77 78 79 80 81 82 83 84 85 86 87 88 89 90 91 92 93 94 95 96 97 98 99 100 101 102 103 104 105 106 107 108 109 110 111 112 113 114 115 116 117 118 119 120 121 122 123 124 125 126 127 128 129 130 131 132 133 134 135 136 137 138 139 140 141 142 143 144 145 146 147 148 149 150 151 152 153 154 155 156 157 158 159 160 161 162 163 164 165 166 167 168 169 170 171 172 173 174 175 176 177 178 179 180 181 182 183 184 185
186,reversed,185 184 183 182 181 180 179 178 177 176 175 174 173 172 171 170 169 168 167 166 165 164 163 162 161 160 159 158 157 156 155 154 153 152 151 150 149 148 147 146 145 144 143 142 141 140 139 138 137 136 135 134 133 132 131 130 129 128 127 126 125 124 123 122 121 120 119 118 117 116 115 114 113 112 111 110 109 108 107 106 105 104 103 102 101 100 99 98 97 96 95 94 93 92 91 90 89 88 87 86 85 84 83 82 81 80 79 78 77 76 75 74 73 72 71 70 69 68 67 66 65 64 63 62 61 60 59 58 57 56 55 54 53 52 51 50 49 48 47 46 45 44 43 42 41 40 39 38 37 36 35 34 33 32 31 30 29 28 27 26 25 24 23 22 21 20 19 18 17 16 15 14 13 12 11 10 9 8 7 6 5 4 3 2 1 0
186,random,121 157 35 83 101 156 105 113 7 146 86 122 22 8 82 2 30 66 108 10 64 147 119 41 141 28 180 145 84 13 5 6 20 124 48 182 55 76 72 14 26 183 87 98 17 174 107 143 63 116 36 44 154 129 71 148 12 169 132 40 45 175 138 19 111 92 160 34 21 133 27 25 53 162 118 152 117 142 164 57 106 158 103 31 73 151 90 114 109 165 171 70 140 155 144 104 127 149 68 89 46 185 159 74 3 62 43 88 81 137 23 58 16 161 97 15 184 85 120 126 130 0 96 47 42 125 37 61 9 29 139 75 95 102 94 110 52 49 167 1 163 67 24 91 100 50 135 136 172 80 56 99 128 166 134 54 131 153 18 78 177 38 77 11 181 168 115 93 176 178 79 4 69 59 32 60 179 33 51 39 150 65 123 112 173 170
